{"organisation":"AU_Govt_ABS","name":"b44a_aust_lga","title":"LGA11-based B44A Industry of Employment by Occupation as at 2011-08-11","legal":{"copyrightYear":"2011","attributionYear":"2011","attribution":"{datasource.organisationTitle}, ({dataset.attributionYear}): {dataset.title}; accessed from AURIN Portal on {dateOfAccess}.","clickthrough":false,"licenceType":"Creative Commons Attribution 2.5 Australia (CC BY 2.5 AU)","copyrightNotice":"&copy; Commonwealth of Australia (Australian Bureau of Statistics) {dataset.copyrightYear}"},"referenceSystemIdentifier":"urn:x-ogc:def:crs:EPSG:4283","geoLevel":"lga2011","key":"LGA_MAIN11","keyRegex":null,"availability":"true","geomField":"wkb_geometry","keyword":"census","theme":null,"temporalExtent":{"beginDate":"2011-01-01T00:00:00","endDate":"2011-12-31T00:00:00","selectTime":false},"type":"dataset","_id":"dataset-AU_Govt_ABS-b44a_aust_lga-lga2011","bbox":null,"abstract":"LGA11 based data for Industry of Employment by Occupation, for 2011 Census. Count of employed persons aged 15 years and over on Census night based on place of usual residence. Data sourced from: <a href='http://www.abs.gov.au/census' target=\"_blank\">http://www.abs.gov.au/census</a>. For further information about these and related statistics, contact the National Information and Referral Services on 1300 135 070. Periodicity: 5-Yearly.","selectedAttributes":[{"name":"LGA_MAIN11","type":"java.lang.String","title":"LGA Code","description":"Local Government Area (LGA) Code.","stype":"nominal","isDimension":false},{"name":"LGA_NAME11","type":"java.lang.String","title":"LGA Name","description":"Local Government Area (LGA) Name.","stype":"nominal","isDimension":false},{"name":"Hlth_care_soc_OcTechTrdW","type":"java.lang.Integer","title":"Health care and social assistance Occupation Technicians and trades workers","description":"Health care and social assistance Occupation Technicians and trades workers.","stype":"ratio","isDimension":false},{"name":"Hlth_care_soc_OcSalesWk","type":"java.lang.Integer","title":"Health care and social assistance Occupation Sales workers","description":"Health care and social assistance Occupation Sales workers.","stype":"ratio","isDimension":false},{"name":"Hlth_care_soc_OcProf","type":"java.lang.Integer","title":"Health care and social assistance Occupation Professionals","description":"Health care and social assistance Occupation Professionals.","stype":"ratio","isDimension":false},{"name":"Hlth_care_soc_OcMngr","type":"java.lang.Integer","title":"Health care and social assistance Occupation Managers","description":"Health care and social assistance Occupation Managers.","stype":"ratio","isDimension":false},{"name":"Hlth_care_soc_OcMacOp_Driv","type":"java.lang.Integer","title":"Health care and social assistance Occupation Machinery operators and drivers","description":"Health care and social assistance Occupation Machinery operators and drivers.","stype":"ratio","isDimension":false},{"name":"Hlth_care_soc_OcLab","type":"java.lang.Integer","title":"Health care and social assistance Occupation Labourers","description":"Health care and social assistance Occupation Labourers.","stype":"ratio","isDimension":false},{"name":"Hlth_care_soc_OcID_NS","type":"java.lang.Integer","title":"Health care and social assistance Occupation Inadequately described Not stated","description":"Health care and social assistance Occupation Inadequately described Not stated.","stype":"ratio","isDimension":false},{"name":"Hlth_care_soc_OcComPerS","type":"java.lang.Integer","title":"Health care and social assistance Occupation Community and personal service workers","description":"Health care and social assistance Occupation Community and personal service workers.","stype":"ratio","isDimension":false},{"name":"Hlth_care_soc_OcClericAdm","type":"java.lang.Integer","title":"Health care and social assistance Occupation Clerical and administrative workers","description":"Health care and social assistance Occupation Clerical and administrative workers.","stype":"ratio","isDimension":false}],"filter":{"filterType":"tabular","feature":{"key":"LGA_MAIN11","geoLevel":"lga2011","geoField":"ignored","year":"2006","featureBbox":[140.961681984,-39.159189527500004,149.976679008,-33.9806475865],"featureType":"ste","featureInstance":"2","featureName":"Victoria","referenceSystemIdentifier":"urn:x-ogc:def:crs:EPSG:4283","prefix":"","keyTransform":null},"states":["2"]}}