{"organisation":"VIC_Govt_DHHS","name":"Health:lga_profilesdata2011","title":"Local Government Area (LGA) profiles data 2011","legal":{"copyrightYear":"2011 - 2012","attributionYear":"2012","attribution":"{datasource.organisationTitle}, ({dataset.attributionYear}): {dataset.title}; accessed from AURIN Portal on {dateOfAccess}.","clickthrough":false,"licenceType":"Creative Commons Attribution 3.0 Australia (CC BY 3.0 AU)","copyrightNotice":"&copy; {datasource.organisationTitle} {dataset.copyrightYear}"},"referenceSystemIdentifier":"urn:x-ogc:def:crs:EPSG:4283","geoLevel":"lga2011","key":"lga_code","keyRegex":null,"availability":"true","geomField":"wkb_geometry","keyword":"community profile, health, well being, quality of life, demographic, population, employment, social,Victoria,Department of Health and Human Services","theme":null,"temporalExtent":{"beginDate":"2011-01-01T00:00:00","endDate":"2011-12-31T00:00:00","selectTime":false},"type":"dataset","_id":"dataset-VIC_Govt_DHHS-Health:lga_profilesdata2011-lga2011","bbox":null,"abstract":"The Local Government Area (LGA) profiles are produced annually to facilitate service planning and policy development by enabling access to a broad range of data about each LGA. Each profile includes population, socio-economic, services and health data relating to the LGA, provided by a range of sources.","selectedAttributes":[{"name":"lga_code","type":"java.lang.Integer","title":"Local Government Area Code","description":"Code of the local government area","stype":"Nominal","isDimension":false},{"name":"perc_at_risk_alcohol","type":"java.lang.Double","title":"% at risk of short term harm from alcohol","description":"The percentage of residents of the LGA who indicated as part of the Victorian Population Health Survey that they consume alcohol at risky or high risk levels at least once per week.","stype":"Ratio","isDimension":false},{"name":"perc_children_vulnerable_one","type":"java.lang.Double","title":"% children developmentally vulnerable in one or more domains","description":"The percentage of children who are vulnerable across one or more of the five domains of early childhood development as measured using the Australian Early Development Index.","stype":"Ratio","isDimension":false},{"name":"perc_children_vulnerable_two","type":"java.lang.Double","title":"% children developmentally vulnerable in one or more domains","description":"The percentage of children who are vulnerable across two or more of the five domains of early childhood development as measured using the Australian Early Development Index.","stype":"Ratio","isDimension":false},{"name":"perc_female_75_alone","type":"java.lang.Double","title":"% female 75+ living alone","description":"The female proportion of the LGA population who are aged 75 and over who live in a single person household.","stype":"Ratio","isDimension":false},{"name":"perc_female_low_income","type":"java.lang.Double","title":"% female low income","description":"The female proportion of the population aged 15 and over with a gross individual income of less than $400 per week.","stype":"Ratio","isDimension":false},{"name":"perc_females_18_smokers","type":"java.lang.Double","title":"% females 18+ that are current smokers","description":"The percentage of females aged 18 years or older who indicated that they are current smokers that is they smoke daily or occasionally.","stype":"Ratio","isDimension":false},{"name":"perc_females_not_fruitveg","type":"java.lang.Double","title":"% females that did not meet fruit and vegetable guidelines","description":"The percentage of females who indicate that they do not meet the current Australian guidelines for fruit and vegetable consumption.","stype":"Ratio","isDimension":false},{"name":"perc_females_not_physical","type":"java.lang.Double","title":"% females who did not meet physical activity guidelines","description":"The proportion of females who do not meet the National Physical Activity Guidelines for Australians developed by the Department of Health and Aged Care 1999.","stype":"Ratio","isDimension":false},{"name":"perc_inpatient_private_hospital","type":"java.lang.Double","title":"% inpatient separations in private hospital","description":"The percentage of total separations for residents of the LGA which are in a private hospital.","stype":"Ratio","isDimension":false},{"name":"perc_low_english","type":"java.lang.Double","title":"% low English proficiency","description":"The percentage of the population who indicated in the 2006 census that they spoke English ?not well? or ?not at all?.","stype":"Ratio","isDimension":false},{"name":"perc_male_75_alone","type":"java.lang.Double","title":"% male 75+ living alone","description":"The male proportion of the LGA population who are aged 75 and over who live in a single person household.","stype":"Ordinal","isDimension":false},{"name":"perc_male_low_income","type":"java.lang.Double","title":"% male low income","description":"The male proportion of the population aged 15 and over with a gross individual income of less than $400 per week.","stype":"Ratio","isDimension":false},{"name":"perc_males_18_smokers","type":"java.lang.Double","title":"% males 18+ that are current smokers","description":"The percentage of males aged 18 years or older who indicated that they are current smokers that is they smoke daily or occasionally.","stype":"Ratio","isDimension":false},{"name":"perc_males_not_fruitveg","type":"java.lang.Double","title":"% males that did not meet fruit and vegetable guidelines","description":"The percentage of males who indicate that they do not meet the current Australian guidelines for fruit and vegetable consumption.","stype":"Ratio","isDimension":false},{"name":"perc_males_not_physical","type":"java.lang.Double","title":"% males who did not meet physical activity guidelines","description":"The proportion of males who do not meet the National Physical Activity Guidelines for Australians developed by the Department of Health and Aged Care 1999.","stype":"Ratio","isDimension":false},{"name":"perc_households","type":"java.lang.Double","title":"% of households with income <$650 per week","description":"The percentage of households with a gross total income of less than $650 per week. Only incomes of household members aged 15 years and over are included in the household total.","stype":"Ratio","isDimension":false},{"name":"perc_households_income_650","type":"java.lang.Double","title":"% of households with income <$650 per week","description":"The percentage of households with a gross total income of less than $650 per week. Only incomes of household members aged 15 years and over are included in the household total.","stype":"Ratio","isDimension":false},{"name":"perc_persons_75_alone","type":"java.lang.Double","title":"% of persons aged 75+ who live alone","description":"The percentage of the LGA population who are aged 75 and over who live in a single person household.","stype":"Ratio","isDimension":false},{"name":"perc_individual_income","type":"java.lang.Double","title":"% of persons with individual income <$400 per week","description":"The percentage of the population aged 15 and over with a gross individual income of less than $400 per week and the proportion of these who are female/male.","stype":"Ratio","isDimension":false},{"name":"perc_volunteers","type":"java.lang.Double","title":"% of population which volunteers","description":"The percentage of the population aged 15 or over who indicated that they did voluntary work through an organisation or group in the twelve months prior to the 2006 Census.","stype":"Ratio","isDimension":false},{"name":"perc_pop_not_complete_year_12","type":"java.lang.Double","title":"% of population who did not complete year 12","description":"The percentage of people aged 15 years and over who did not attend school or attended school but did not complete year 12.","stype":"Ratio","isDimension":false},{"name":"perc_pop_higher_education","type":"java.lang.Double","title":"% of population with higher education qualification","description":"The percentage of people aged 15 years and over who have attained a definitive higher education qualification including a post-graduate degree- a graduate diploma a graduate certificate or a bachelor degree.","stype":"Ratio","isDimension":false},{"name":"perc_membership_groups","type":"java.lang.Double","title":"% of population with membership of organised groups","description":"The percentage of the population who say they are a member of an organised group such as a sports or church group or another community organisation or professional organisation.","stype":"Ratio","isDimension":false},{"name":"perc_people_18_smokers","type":"java.lang.Double","title":"% people 18+ that are current smokers","description":"The percentage of persons/males/females aged 18 years or older who indicate that they are current smokers that is they smoke daily or occasionally.","stype":"Ratio","isDimension":false},{"name":"perc_persons_reporting_type_2_diabetes","type":"java.lang.Double","title":"% persons reporting type 2 diabetes","description":"The percentage of persons who reported that they had been told by a doctor that they had type 2 diabetes.","stype":"Ratio","isDimension":false},{"name":"perc_persons_not_fruitveg","type":"java.lang.Double","title":"% persons that did not meet fruit and vegetable guidelines","description":"The percentage of persons who indicate that they do not meet the current Australian guidelines for fruit and vegetable consumption.","stype":"Ratio","isDimension":false},{"name":"perc_persons_not_physical","type":"java.lang.Double","title":"% persons who did not meet physical activity guidelines","description":"The proportion of people who do not meet the National Physical Activity Guidelines for Australians developed by the Department of Health and Aged Care 1999.","stype":"Ratio","isDimension":false},{"name":"perc_population_food_insecurity","type":"java.lang.Double","title":"% population with food insecurity","description":"The percentage of people who ran out of food in the last twelve months and could not afford to buy more.","stype":"Ratio","isDimension":false},{"name":"perc_private_health","type":"java.lang.Double","title":"% population with private health insurance","description":"The percentage of the LGA population aged 15 years and over covered by private health insurance.","stype":"Ratio","isDimension":false},{"name":"perc_students_government_school","type":"java.lang.Double","title":"% students attending a government school","description":"The percentage of all primary and secondary school students resident in the LGA who attend a government school (rather than an independent or Catholic school).","stype":"Ratio","isDimension":false},{"name":"perc_core_activities","type":"java.lang.Double","title":"% with need for assistance with core activities","description":"The percentage of people in the LGA who need ?help or assistance in one or more of the three core activity areas of self-care mobility and communication because of a long-term health condition-  a disability or old age.","stype":"Ratio","isDimension":false},{"name":"perc_9_students_min_numeracy","type":"java.lang.Double","title":"% year 9 students who attain national minimum standards in numeracy","description":"The percentage of year 9 students who achieved at or above the national minimum standards in numeracy in the National Assessment Program ? Literacy and Numeracy (NAPLAN).","stype":"Ratio","isDimension":false},{"name":"perc_9_students_min_reading","type":"java.lang.Double","title":"% year 9 students who attain national minimum standards in reading","description":"The percentage of year 9 students who achieved at or above the national minimum standards in reading in the National Assessment Program ? Literacy and Numeracy (NAPLAN).","stype":"Ratio","isDimension":false},{"name":"perc_9_students_min_writing","type":"java.lang.Double","title":"% year 9 students who attain national minimum standards in writing","description":"The percentage of year 9 students who achieved at or above the national minimum standards in writing in the National Assessment Program ? Literacy and Numeracy (NAPLAN).","stype":"Ratio","isDimension":false},{"name":"perc_atsi_population","type":"java.lang.Double","title":"%ATSI population","description":"The percentage of the population who are identified as being Aboriginal or Torres Straits Islander in the Experimental Estimates of Aboriginal and Torres Strait Islander produced by the ABS.","stype":"Ratio","isDimension":false},{"name":"perc_born_overseas","type":"java.lang.Double","title":"%Born overseas","description":"The percentage of the population who were born overseas.","stype":"Ratio","isDimension":false},{"name":"perc_business","type":"java.lang.String","title":"%Business","description":"The proportion of the LGAs total area assigned to business land use.","stype":"Ratio","isDimension":false},{"name":"perc_humanitarian","type":"java.lang.Double","title":"%Humanitarian arrivals","description":"The number of individuals arriving from overseas under the permanent resident visa category of humanitarian.","stype":"Ratio","isDimension":false},{"name":"perc_industrial","type":"java.lang.String","title":"%Industrial","description":"The proportion of the LGAs total area assigned to industrial land use.","stype":"Ratio","isDimension":false},{"name":"percpopulation_near_pt","type":"java.lang.Double","title":"%population near public transport","description":"The percentage of the population that lives within 400 metres of a bus and/or tram stop and/or 800 metres of a train station.","stype":"Ratio","isDimension":false},{"name":"perc_residential","type":"java.lang.String","title":"%Residential","description":"The proportion of the LGAs total area assigned to residential land use.","stype":"Ratio","isDimension":false},{"name":"perc_rural","type":"java.lang.String","title":"%Rural","description":"The proportion of the LGAs total area assigned to rural land use.","stype":"Ratio","isDimension":false},{"name":"aged_high_care","type":"java.lang.Double","title":"Aged care (high care) places per 1000 eligible population","description":"The number of residential aged care places licensed to provide services to residents with high levels of dependency per 1000 target population.","stype":"Ratio","isDimension":false},{"name":"aged_low_care","type":"java.lang.Double","title":"Aged care (low care) places per 1000 eligible population","description":"The number of aged care places licensed to provide services to residents with low levels of dependency per 1000 target population.","stype":"Ratio","isDimension":false},{"name":"average_average_stay_all","type":"java.lang.Double","title":"Average length of stay (days) all hospitals","description":"The average length of stay (in days) for all inpatients. Note that all separations (including same-day stays) have been included.","stype":"Ratio","isDimension":false},{"name":"average_stay_public","type":"java.lang.Double","title":"Average length of stay (days) public hospitals","description":"The average length of stay (in days) for a Victorian public hospital inpatient. Note that all separations (including same-day stays) have been included.","stype":"Ratio","isDimension":false},{"name":"cancer_incidence_females","type":"java.lang.Double","title":"Cancer incidence - females per 100000","description":"The total number of malignant cancers newly diagnosed in 2010 for females. Presented as a rate per 100000.","stype":"Ratio","isDimension":false},{"name":"cancer_incidence_males","type":"java.lang.Double","title":"Cancer incidence - males per 100000","description":"The total number of malignant cancers newly diagnosed in 2010 for males. Presented as a rate per 100000.","stype":"Ratio","isDimension":false},{"name":"cancer_incidence","type":"java.lang.Double","title":"Cancer incidence per 100000 population","description":"The total number of malignant cancers newly diagnosed in 2010 for total persons. Presented as a rate per 100000.","stype":"Ratio","isDimension":false},{"name":"drug_and_alcohol","type":"java.lang.Double","title":"Drug and alcohol clients per 1000 population","description":"The number of residents of an LGA per 1000 population who received treatment from alcohol and drug treatment services.","stype":"Ratio","isDimension":false},{"name":"ed_presentations","type":"java.lang.Double","title":"ED presentations per 1000 population","description":"The number of presentations by residents of an LGA at public hospital emergency departments per 1000 population.","stype":"Ratio","isDimension":false},{"name":"family_incidents","type":"java.lang.Double","title":"Family incidents per 1000 population","description":"The number of family violence incidents reported to police per 1000 population. Incidents are not necessarily offences typically only about 25% of incidents result in a formal charge.","stype":"Ratio","isDimension":false},{"name":"female_life_expectancy","type":"java.lang.Double","title":"Female life expectancy","description":"The average number of years a female of a given age is expected to live if current mortality rates continue to apply.","stype":"Ratio","isDimension":false},{"name":"fte_students","type":"java.lang.Double","title":"FTE students","description":"The number of full-time equivalent students enrolled in schools which are located within the LGA.","stype":"Ratio","isDimension":false},{"name":"gp_attendances_females_males","type":"java.lang.Double","title":"GP attendances females per 1000 population","description":"The rate of attendances at a General Practitioner for females per 1000 population for services under the Medicare Benefits Schedule and Department of Veterans Affairs.","stype":"Ratio","isDimension":false},{"name":"gp_attendances_males","type":"java.lang.Double","title":"GP attendances males per 1000 population","description":"The rate of attendances at a General Practitioner for males per 1000 population for services under the Medicare Benefits Schedule and Department of Veterans Affairs.","stype":"Ratio","isDimension":false},{"name":"gp_attendances_total","type":"java.lang.Double","title":"GP attendances total per 1000 population","description":"The rate of attendances at a General Practitioner per 1000 population for services under the Medicare Benefits Schedule and Department of Veterans Affairs.","stype":"Ratio","isDimension":false},{"name":"hacc_clients_69","type":"java.lang.Double","title":"HACC clients  aged 0-69 per 1000 target population","description":"The number of people aged 0-69 years receiving services funded by the Home and Community Care (HACC) program per 1000 target population.","stype":"Ratio","isDimension":false},{"name":"hacc_clients_70","type":"java.lang.Double","title":"HACC clients aged 70 plus per 1000 target population","description":"The number of people aged 70 years and over receiving services funded by the Home and Community Care (HACC) program per 1000 target population.","stype":"Ratio","isDimension":false},{"name":"inpatient_separations","type":"java.lang.Double","title":"Inpatient separations per 1000 population","description":"The number of hospital inpatient separations per 1000 population. A separation is a completed admission to hospital.","stype":"Ratio","isDimension":false},{"name":"irsed","type":"java.lang.Double","title":"IRSED","description":"A measure of relative socio-economic disadvantage in a given geographic area.","stype":"Ratio","isDimension":false},{"name":"lga_name","type":"java.lang.String","title":"Local Government Area Name","description":"Name of the local government area","stype":"Nominal","isDimension":false},{"name":"lga","type":"java.lang.String","title":"Local Government Area Name","description":"Name of the local government area","stype":"Nominal","isDimension":false},{"name":"male_life_expectancy","type":"java.lang.Double","title":"Male life expectancy","description":"The average number of years a male of a given age is expected to live if current mortality rates continue to apply.","stype":"Ratio","isDimension":false},{"name":"metro_rural","type":"java.lang.String","title":"Metro/rural","description":"This item specifies whether the local government area (LGA) is in a metropolitan or rural departmental region.","stype":"Nominal","isDimension":false},{"name":"new_settler","type":"java.lang.Double","title":"New settler arrivals per 100000 population","description":"The number of arrivals from overseas per 100000 population during the 2010?11 financial year under the permanent resident visa category.","stype":"Ratio","isDimension":false},{"name":"number_of_hospitals_health","type":"java.lang.Double","title":"Number of hospitals/health services","description":"The number of hospitals and health service campuses located within the LGA. Includes both public and private hospitals.","stype":"Ratio","isDimension":false},{"name":"number_of_schools","type":"java.lang.Double","title":"Number of schools","description":"The number of schools located in the LGA. This item includes government private and Catholic primary and secondary schools. It also includes schools for children with special needs.","stype":"Ordinal","isDimension":false},{"name":"pharmacies","type":"java.lang.Double","title":"Pharmacies per 1000 population","description":"The number of retail pharmacies per 1000 population located within the LGA.","stype":"Ratio","isDimension":false},{"name":"primary_care_ed","type":"java.lang.Double","title":"Primary care type ED presentations per 1000 population","description":"The proportion of presentations at Emergency Departments within the LGA which were classified as ?primary care type presentations?.","stype":"Ratio","isDimension":false},{"name":"primary_health_occasions","type":"java.lang.Double","title":"Primary health occasions of service per 1000 population","description":"The number of occasions of service per 1000 population provided by primary health services to residents of the LGA.","stype":"Ratio","isDimension":false},{"name":"separations_attended_hospital","type":"java.lang.Double","title":"Separations from most frequently attended hospital","description":"The percentage of all separations involving residents of an LGA which occurred at the most frequently attended public hospital. Estimated Resident Population 2010.","stype":"Ratio","isDimension":false},{"name":"unemployment_rate","type":"java.lang.Double","title":"Unemployment rate","description":"The percentage of the labour force which is unemployed.","stype":"Ratio","isDimension":false},{"name":"registered_mental_health","type":"java.lang.Double","title":"Registered mental health clients per 1000 population","description":"The number of residents of an LGA who are registered as clients with a mental health service per 1000 population.","stype":"Ratio","isDimension":false},{"name":"erp_2010__males_total","type":"java.lang.Double","title":"ERP 2010  Males Total","description":"The number of males in the LGA in 2010.","stype":"Ratio","isDimension":false},{"name":"erp_2010__females_total","type":"java.lang.Double","title":"ERP 2010  Females Total","description":"The number of females in the LGA in 2010.","stype":"Ratio","isDimension":false}],"filter":{"filterType":"tabular","feature":{"key":"lga_code","geoLevel":"lga2011","geoField":"ignored","year":"2006","featureBbox":[140.961681984,-39.159189527500004,149.976679008,-33.9806475865],"featureType":"ste","featureInstance":"2","featureName":"Victoria","referenceSystemIdentifier":"urn:x-ogc:def:crs:EPSG:4283","prefix":"","keyTransform":null},"states":["2"]}}