{"organisation":"TUA_PHIDU","name":"lga11_chronicdisease_modelledestimate","title":"LGA11 Chronic Disease - Modelled Estimate","legal":{"copyrightYear":"2014","attributionYear":"2014","attribution":"{datasource.organisationTitle}, ({dataset.attributionYear}): {dataset.title}; accessed from AURIN Portal on {dateOfAccess}.","clickthrough":false,"licenceType":"Creative Commons Attribution-NonCommercial-ShareAlike 3.0 Australia (CC BY-NC-SA 3.0 AU)","copyrightNotice":"&copy; {datasource.organisationTitle} {dataset.copyrightYear}"},"referenceSystemIdentifier":"EPSG:4283","geoLevel":"lga2011","key":"area_code","keyRegex":null,"availability":"true","geomField":"wkb_geometry","keyword":"chronic disease, modelled estimate, estimate, arthritis, asthma, circulatory system disease, copd, diabetes, high cholesterol, respiratory system disease, hypertension, mental, behavioural, musculoskeletal system diseases, health, population","theme":null,"temporalExtent":{"beginDate":"2011-03-06T00:00:00","endDate":"2013-07-31T00:00:00","selectTime":false},"type":"dataset","_id":"dataset-TUA_PHIDU-lga11_chronicdisease_modelledestimate-lga2011","bbox":null,"abstract":"Modelled estimates of chronic diseases including: arthritis, asthma, circulatory system diseases, chronic obstructive pulmonary disease, type 2 diabetes, high cholesterol, hypertension disease, mental and behavioural problems for males and females, musculoskeletal system diseases, respiratory system diseases, and arthritis for 2011-13 by LGA 2011.","selectedAttributes":[{"name":"area_code","type":"java.lang.Integer","title":"Local Government Area Code","description":"Local Government Area code (2011)","stype":"nominal","isDimension":false},{"name":"arthritis_me_3_rrmse_3_11_7_13","type":"java.lang.Double","title":"Arthritis - RRMSE","description":"The relative root mean square error (RRMSE) is the measure of the reliability of an estimate (modelled estimate). A value of 1 means the estimate should be used with caution, a value of 2 means the estimate is considered too unreliable for general use, and a value of 3 means the estimate is reliable or data is not available for this area. Source: Compiled by PHIDU using predictions from the 2011-13 Australian Health Survey, ABS (unpublished).","stype":"nominal","isDimension":false},{"name":"musculo_me_3_rrmse_3_11_7_13","type":"java.lang.Double","title":"Musculoskeletal System Diseases - RRMSE","description":"The relative root mean square error (RRMSE) is the measure of the reliability of an estimate (modelled estimate). A value of 1 means the estimate should be used with caution, a value of 2 means the estimate is considered too unreliable for general use, and a value of 3 means the estimate is reliable or data is not available for this area. Source: Compiled by PHIDU using predictions from the 2011-13 Australian Health Survey, ABS (unpublished).","stype":"nominal","isDimension":false},{"name":"mntl_bh_p_me_3_rrmse_3_11_7_13","type":"java.lang.Double","title":"Persons with Mental and Behavioural Problems - RRMSE","description":"The relative root mean square error (RRMSE) is the measure of the reliability of an estimate (modelled estimate). A value of 1 means the estimate should be used with caution, a value of 2 means the estimate is considered too unreliable for general use, and a value of 3 means the estimate is reliable or data is not available for this area. Source: Compiled by PHIDU using predictions from the 2011-13 Australian Health Survey, ABS (unpublished).","stype":"nominal","isDimension":false},{"name":"respirtry_me_3_rrmse_3_11_7_13","type":"java.lang.Double","title":"Respiratory System Diseases - RRMSE","description":"The relative root mean square error (RRMSE) is the measure of the reliability of an estimate (modelled estimate). A value of 1 means the estimate should be used with caution, a value of 2 means the estimate is considered too unreliable for general use, and a value of 3 means the estimate is reliable or data is not available for this area. Source: Compiled by PHIDU using predictions from the 2011-13 Australian Health Survey, ABS (unpublished).","stype":"nominal","isDimension":false},{"name":"diabetes_me_3_rrmse_3_11_7_13","type":"java.lang.Double","title":"Diabetes - RRMSE","description":"The relative root mean square error (RRMSE) is the measure of the reliability of an estimate (modelled estimate). A value of 1 means the estimate should be used with caution, a value of 2 means the estimate is considered too unreliable for general use, and a value of 3 means the estimate is reliable or data is not available for this area. Source: Compiled by PHIDU using predictions from the 2011-13 Australian Health Survey, ABS (unpublished).","stype":"nominal","isDimension":false},{"name":"hg_choles_me_3_rrmse_3_11_7_13","type":"java.lang.Double","title":"High Cholesterol - RRMSE","description":"The relative root mean square error (RRMSE) is the measure of the reliability of an estimate (modelled estimate). A value of 1 means the estimate should be used with caution, a value of 2 means the estimate is considered too unreliable for general use, and a value of 3 means the estimate is reliable or data is not available for this area. Source: Compiled by PHIDU using predictions from the 2011-13 Australian Health Survey, ABS (unpublished).","stype":"nominal","isDimension":false},{"name":"hypertens_me_3_rrmse_3_11_7_13","type":"java.lang.Double","title":"Hypertension - RRMSE","description":"The relative root mean square error (RRMSE) is the measure of the reliability of an estimate (modelled estimate). A value of 1 means the estimate should be used with caution, a value of 2 means the estimate is considered too unreliable for general use, and a value of 3 means the estimate is reliable or data is not available for this area. Source: Compiled by PHIDU using predictions from the 2011-13 Australian Health Survey, ABS (unpublished).","stype":"nominal","isDimension":false},{"name":"area_name","type":"java.lang.String","title":"Local Government Area Name","description":"Local Government Area name (2011)","stype":"nominal","isDimension":false},{"name":"mntl_bh_m_me_3_rrmse_3_11_7_13","type":"java.lang.Double","title":"Males with Mental and Behavioural Problems - RRMSE","description":"The relative root mean square error (RRMSE) is the measure of the reliability of an estimate (modelled estimate). A value of 1 means the estimate should be used with caution, a value of 2 means the estimate is considered too unreliable for general use, and a value of 3 means the estimate is reliable or data is not available for this area. Source: Compiled by PHIDU using predictions from the 2011-13 Australian Health Survey, ABS (unpublished).","stype":"nominal","isDimension":false},{"name":"arthritis_me_2_rate_3_11_7_13","type":"java.lang.Double","title":"Arthritis - Rate per 100","description":"Indirectly age-standardised rate of people with arthritis per 100 people (modelled estimate). Source: Compiled by PHIDU using predictions from the 2011-13 Australian Health Survey, ABS (unpublished), and ABS Estimated Resident Population, average of 30 June 2011 and 2012.","stype":"ratio","isDimension":false},{"name":"asthma_me_2_rate_3_11_7_13","type":"java.lang.Double","title":"Asthma - Rate per 100","description":"Indirectly age-standardised rate of people with asthma per 100 people (modelled estimate). Source: Compiled by PHIDU using predictions from the 2011-13 Australian Health Survey, ABS (unpublished), and ABS Estimated Resident Population, average of 30 June 2011 and 2012.","stype":"ratio","isDimension":false},{"name":"copd_me_2_rate_3_11_7_13","type":"java.lang.Double","title":"Chronic Obstructive Pulmonary Disease - Rate per 100","description":"Indirectly age-standardised rate of people with chronic obstructive pulmonary disease per 100 people (modelled estimate). Source: Compiled by PHIDU using predictions from the 2011-13 Australian Health Survey, ABS (unpublished), and ABS Estimated Resident Population, average of 30 June 2011 and 2012.","stype":"ratio","isDimension":false},{"name":"circ_me_2_rate_3_11_7_13","type":"java.lang.Double","title":"Circulatory System Diseases - Rate per 100","description":"Indirectly age-standardised rate of people with circulatory system diseases per 100 people (modelled estimate). Source: Compiled by PHIDU using predictions from the 2011-13 Australian Health Survey, ABS (unpublished), and ABS Estimated Resident Population, average of 30 June 2011 and 2012.","stype":"ratio","isDimension":false},{"name":"diabetes_me_2_rate_3_11_7_13","type":"java.lang.Double","title":"Diabetes - Rate per 100","description":"Indirectly age-standardised rate of people with diabetes per 100 people (modelled estimate). Source: Compiled by PHIDU using predictions from the 2011-13 Australian Health Survey, ABS (unpublished), and ABS Estimated Resident Population, average of 30 June 2011 and 2012.","stype":"ratio","isDimension":false},{"name":"mntl_bh_f_me_2_rate_3_11_7_13","type":"java.lang.Double","title":"Females with Mental and Behavioural Problems - Rate per 100","description":"Indirectly age-standardised rate of females with mental and behavioural problems per 100 people (modelled estimate). Source: Compiled by PHIDU using predictions from the 2011-13 Australian Health Survey, ABS (unpublished), and ABS Estimated Resident Population, average of 30 June 2011 and 2012.","stype":"ratio","isDimension":false},{"name":"hg_choles_me_2_rate_3_11_7_13","type":"java.lang.Double","title":"High Cholesterol - Rate per 100","description":"Indirectly age-standardised rate of people with high cholesterol per 100 people (modelled estimate). Source: Compiled by PHIDU using predictions from the 2011-13 Australian Health Survey, ABS (unpublished), and ABS Estimated Resident Population, average of 30 June 2011 and 2012.","stype":"ratio","isDimension":false},{"name":"mntl_bh_f_me_3_rrmse_3_11_7_13","type":"java.lang.Double","title":"Females with Mental and Behavioural Problems - RRMSE","description":"The relative root mean square error (RRMSE) is the measure of the reliability of an estimate (modelled estimate). A value of 1 means the estimate should be used with caution, a value of 2 means the estimate is considered too unreliable for general use, and a value of 3 means the estimate is reliable or data is not available for this area. Source: Compiled by PHIDU using predictions from the 2011-13 Australian Health Survey, ABS (unpublished).","stype":"nominal","isDimension":false},{"name":"circ_me_3_rrmse_3_11_7_13","type":"java.lang.Double","title":"Circulatory System Diseases - RRMSE","description":"The relative root mean square error (RRMSE) is the measure of the reliability of an estimate (modelled estimate). A value of 1 means the estimate should be used with caution, a value of 2 means the estimate is considered too unreliable for general use, and a value of 3 means the estimate is reliable or data is not available for this area. Source: Compiled by PHIDU using predictions from the 2011-13 Australian Health Survey, ABS (unpublished).","stype":"nominal","isDimension":false},{"name":"copd_me_3_rrmse_3_11_7_13","type":"java.lang.Double","title":"Chronic Obstructive Pulmonary Disease - RRMSE","description":"The relative root mean square error (RRMSE) is the measure of the reliability of an estimate (modelled estimate). A value of 1 means the estimate should be used with caution, a value of 2 means the estimate is considered too unreliable for general use, and a value of 3 means the estimate is reliable or data is not available for this area. Source: Compiled by PHIDU using predictions from the 2011-13 Australian Health Survey, ABS (unpublished).","stype":"nominal","isDimension":false},{"name":"asthma_me_3_rrmse_3_11_7_13","type":"java.lang.Double","title":"Asthma - RRMSE","description":"The relative root mean square error (RRMSE) is the measure of the reliability of an estimate (modelled estimate). A value of 1 means the estimate should be used with caution, a value of 2 means the estimate is considered too unreliable for general use, and a value of 3 means the estimate is reliable or data is not available for this area. Source: Compiled by PHIDU using predictions from the 2011-13 Australian Health Survey, ABS (unpublished).","stype":"nominal","isDimension":false},{"name":"hypertens_me_2_rate_3_11_7_13","type":"java.lang.Double","title":"Hypertension - Rate per 100","description":"Indirectly age-standardised rate of people with hypertension per 100 people (modelled estimate). Source: Compiled by PHIDU using predictions from the 2011-13 Australian Health Survey, ABS (unpublished), and ABS Estimated Resident Population, average of 30 June 2011 and 2012.","stype":"ratio","isDimension":false},{"name":"mntl_bh_m_me_2_rate_3_11_7_13","type":"java.lang.Double","title":"Males with Mental and Behavioural Problems - Rate per 100","description":"Indirectly age-standardised rate of males with mental and behavioural problems per 100 people (modelled estimate). Source: Compiled by PHIDU using predictions from the 2011-13 Australian Health Survey, ABS (unpublished), and ABS Estimated Resident Population, average of 30 June 2011 and 2012.","stype":"ratio","isDimension":false},{"name":"musculo_me_2_rate_3_11_7_13","type":"java.lang.Double","title":"Musculoskeletal System Diseases - Rate per 100","description":"Indirectly age-standardised rate of people with musculoskeletal diseases per 100 people (modelled estimate). Source: Compiled by PHIDU using predictions from the 2011-13 Australian Health Survey, ABS (unpublished), and ABS Estimated Resident Population, average of 30 June 2011 and 2012.","stype":"ratio","isDimension":false},{"name":"mntl_bh_p_me_2_rate_3_11_7_13","type":"java.lang.Double","title":"Persons with Mental and Behavioural Problems - Rate per 100","description":"Indirectly age-standardised rate of persons with mental and behavioural problems per 100 people (modelled estimate). Source: Compiled by PHIDU using predictions from the 2011-13 Australian Health Survey, ABS (unpublished), and ABS Estimated Resident Population, average of 30 June 2011 and 2012.","stype":"ratio","isDimension":false},{"name":"respirtry_me_2_rate_3_11_7_13","type":"java.lang.Double","title":"Respiratory System Diseases - Rate per 100","description":"Indirectly age-standardised rate of people with respiratory system diseases per 100 people (modelled estimate). Source: Compiled by PHIDU using predictions from the 2011-13 Australian Health Survey, ABS (unpublished), and ABS Estimated Resident Population, average of 30 June 2011 and 2012.","stype":"ratio","isDimension":false}],"filter":{"filterType":"tabular","feature":{"key":"area_code","geoLevel":"lga2011","geoField":"ignored","year":"2006","featureBbox":[140.961681984,-39.159189527500004,149.976679008,-33.9806475865],"featureType":"ste","featureInstance":"2","featureName":"Victoria","referenceSystemIdentifier":"EPSG:4283","prefix":"","keyTransform":null},"states":["2"]}}