{"organisation":"TUA_PHIDU","name":"tua_phidu_2015_lga_aust_health_workforce_asgc_2011","title":"LGA15 Health Workforce - Medical, Nursing, Dental Professionals - 2011","legal":{"copyrightYear":"2017","attributionYear":"2014","attribution":"{datasource.organisationTitle}, ({dataset.attributionYear}): {dataset.title}; accessed from AURIN Portal on {dateOfAccess}.","clickthrough":false,"licenceType":"Creative Commons Attribution-NonCommercial-ShareAlike 3.0 Australia (CC BY-NC-SA 3.0 AU)","copyrightNotice":"&copy; {datasource.organisationTitle} {dataset.copyrightYear}"},"referenceSystemIdentifier":"urn:x-ogc:def:crs:EPSG:4283","geoLevel":"lga2011","key":"lga_code","keyRegex":null,"availability":"true","geomField":"wkb_geometry","keyword":"professionals,tua,torrens university australia,phidu,lga 2015 profile,health workforce,medical,nursing,dental,public health information development unit","theme":null,"temporalExtent":{"beginDate":"2011-01-01T00:00:00","endDate":"2011-12-31T00:00:00","selectTime":false},"type":"dataset","_id":"dataset-TUA_PHIDU-tua_phidu_2015_lga_aust_health_workforce_asgc_2011-lga2011","bbox":null,"abstract":"The number of people in the health workforce and the rate of specified health workers per 100,000 population, 2011. The health workforce is divided into the following categories: General Medical Practitioners, Specialist Practitioners, Unknown/Not applicable Medical Practitioners, Registered Nurses only, Registered Nurses who are also Midwives, Total Registered Nurses, Enrolled Nurses, Midwives, Total Nurses, Dentists, and Total Dental Practitioners (all entries that were classified as not shown, not published or not applicable were assigned a null value; no data was provided for Maralinga Tjarutja LGA, in South Australia). The data is by LGA 2015 profile (based on the LGA 2011 geographic boundaries). For more information on statistics used please refer to the PHIDU website, available from: <a href=http://phidu.torrens.edu.au/help-and-information/about-our-data/statistical-information>http://phidu.torrens.edu.au/</a>.<br/>\n\nNote: Total Medical Practitioners may not equal the sum of General Practitioners, Total Specialists (excluding General Practitioners) and Unknown/ not available specialties. This is because of the slight difference in how General Practitioners are defined in the two instances.<br/>\n\nSource: Compiled by PHIDU based on data from the National Health Workforce Dataset (NHWDS), jointly owned by Health Workforce Australia (HWA) and the Australian Institute of Health and Welfare (AIHW), 2011; and the ABS Estimated Resident Population, 30 June 2011.\n","selectedAttributes":[{"name":"lga_code","type":"java.lang.Integer","title":"Local Government Area Code","description":"Local Government Area Code (2011).","stype":"ordinal","isDimension":false},{"name":"lga_name","type":"java.lang.String","title":"Local Government Area Name","description":"Local Government Area name (2011).","stype":"nominal","isDimension":false},{"name":"enrl_nurse_2_rate","type":"java.lang.Double","title":"Enrolled Nurses ? rate per 100,000","description":"The number of Enrolled Nurses as a rate per 100,000 of the estimated resident population, 2011 ? rate per 100,000.","stype":"ratio","isDimension":false},{"name":"spec_2_rate","type":"java.lang.Double","title":"Specialist Practitioners ? rate per 100,000","description":"The number of Specialist Practitioners (including those not individually presented, excluding GPs) as a rate per 100,000 of the estimated resident population, 2011 ? rate per 100,000.","stype":"ratio","isDimension":false}],"filter":{"filterType":"tabular","feature":{"key":"lga_code","geoLevel":"lga2011","geoField":"ignored","year":"2006","featureBbox":[140.961681984,-39.159189527500004,149.976679008,-33.9806475865],"featureType":"ste","featureInstance":"2","featureName":"Victoria","referenceSystemIdentifier":"urn:x-ogc:def:crs:EPSG:4283","prefix":"","keyTransform":null},"states":["2"]}}