{"organisation":"TUA_PHIDU","name":"lga11_psychologicaldistress_modelledestimate","title":"LGA11 Psychological Distress - Modelled Estimate","legal":{"copyrightYear":"2014","attributionYear":"2014","attribution":"{datasource.organisationTitle}, ({dataset.attributionYear}): {dataset.title}; accessed from AURIN Portal on {dateOfAccess}.","clickthrough":false,"licenceType":"Creative Commons Attribution-NonCommercial-ShareAlike 3.0 Australia (CC BY-NC-SA 3.0 AU)","copyrightNotice":"&copy; {datasource.organisationTitle} {dataset.copyrightYear}"},"referenceSystemIdentifier":"EPSG:4283","geoLevel":"lga2011","key":"area_code","keyRegex":null,"availability":"true","geomField":"wkb_geometry","keyword":"psychological distress, k10, kessler, health, well being","theme":null,"temporalExtent":{"beginDate":"2011-03-06T00:00:00","endDate":"2013-07-31T00:00:00","selectTime":false},"type":"dataset","_id":"dataset-TUA_PHIDU-lga11_psychologicaldistress_modelledestimate-lga2011","bbox":null,"abstract":"Estimated number of people aged 18 years and over with high or very high psychological distress by LGA 2011, from 2011 to 2013.","selectedAttributes":[{"name":"area_code","type":"java.lang.Integer","title":"Local Government Area Code","description":"Local Government Area code (2011)","stype":"nominal","isDimension":false},{"name":"area_name","type":"java.lang.String","title":"Local Government Area Name","description":"Local Government Area name (2011)","stype":"nominal","isDimension":false},{"name":"k10_me_2_rate_3_11_7_13","type":"java.lang.Double","title":"High or Very High Psychological Distress Levels (K-10) - Rate per 100","description":"Estimated number of people aged 18 years and over with high or very high psychological distress as a rate per 100 people - modelled estimate. Source: Compiled by PHIDU using predictions from the 2011-13 Australian Health Survey, ABS (unpublished) and ABS Estimated Resident Population, average of 30 June 2011 and 2012.","stype":"ratio","isDimension":false},{"name":"k10_me_3_rrmse_3_11_7_13","type":"java.lang.Double","title":"High or Very High Psychological Distress Levels (K-10) - RRMSE","description":"The relative root mean square error (RRMSE) is the measure of the reliability of an estimate - modelled estimate. A value of 1 means the estimate should be used with caution, a value of 2 means the estimate is considered too unreliable for general use, and a value of 3 means the estimate is reliable or data is not available for this area. Source: Compiled by PHIDU using predictions from the 2011-13 Australian Health Survey, ABS (unpublished).","stype":"nominal","isDimension":false}],"filter":{"filterType":"tabular","feature":{"key":"area_code","geoLevel":"lga2011","geoField":"ignored","year":"2006","featureBbox":[140.961681984,-39.159189527500004,149.976679008,-33.9806475865],"featureType":"ste","featureInstance":"2","featureName":"Victoria","referenceSystemIdentifier":"EPSG:4283","prefix":"","keyTransform":null},"states":["2"]}}