{"organisation":"AU_Govt_ABS","name":"b41a_aust_lga","title":"LGA11-based B41A Non-School Qualification: Field of Study by Age by Sex as at 2011-08-11","legal":{"copyrightYear":"2011","attributionYear":"2011","attribution":"{datasource.organisationTitle}, ({dataset.attributionYear}): {dataset.title}; accessed from AURIN Portal on {dateOfAccess}.","clickthrough":false,"licenceType":"Creative Commons Attribution 2.5 Australia (CC BY 2.5 AU)","copyrightNotice":"&copy; Commonwealth of Australia (Australian Bureau of Statistics) {dataset.copyrightYear}"},"referenceSystemIdentifier":"urn:x-ogc:def:crs:EPSG:4283","geoLevel":"lga2011","key":"LGA_MAIN11","keyRegex":null,"availability":"true","geomField":"wkb_geometry","keyword":"census","theme":null,"temporalExtent":{"beginDate":"2011-01-01T00:00:00","endDate":"2011-12-31T00:00:00","selectTime":false},"type":"dataset","_id":"dataset-AU_Govt_ABS-b41a_aust_lga-lga2011","bbox":null,"abstract":"LGA11 based data for Non-School Qualification: Field of Study by Age by Sex, for 2011 Census. Count of persons aged 15 years and over with a qualification on Census night based on place of usual residence. Excludes persons with a qualification out of the scope of the Australian Standard Classification of Education (ASCED). Data sourced from: <a href='http://www.abs.gov.au/census' target=\"_blank\">http://www.abs.gov.au/census</a>. For further information about these and related statistics, contact the National Information and Referral Services on 1300 135 070. Periodicity: 5-Yearly.","selectedAttributes":[{"name":"LGA_MAIN11","type":"java.lang.String","title":"LGA Code","description":"Local Government Area (LGA) Code.","stype":"nominal","isDimension":false},{"name":"M_Health_15_24","type":"java.lang.Integer","title":"Males Health Age 15 - 24 years","description":"Males Health Age 15 - 24 years.","stype":"ratio","isDimension":false},{"name":"M_Health_25_34","type":"java.lang.Integer","title":"Males Health Age 25 - 34 years","description":"Males Health Age 25 - 34 years.","stype":"ratio","isDimension":false},{"name":"M_Health_35_44","type":"java.lang.Integer","title":"Males Health Age 35 - 44 years","description":"Males Health Age 35 - 44 years.","stype":"ratio","isDimension":false},{"name":"M_Health_45_54","type":"java.lang.Integer","title":"Males Health Age 45 - 54 years","description":"Males Health Age 45 - 54 years.","stype":"ratio","isDimension":false},{"name":"M_Health_55_64","type":"java.lang.Integer","title":"Males Health Age 55 - 64 years","description":"Males Health Age 55 - 64 years.","stype":"ratio","isDimension":false},{"name":"M_Health_65_74","type":"java.lang.Integer","title":"Males Health Age 65 - 74 years","description":"Males Health Age 65 - 74 years.","stype":"ratio","isDimension":false},{"name":"M_Health_75_84","type":"java.lang.Integer","title":"Males Health Age 75 - 84 years","description":"Males Health Age 75 - 84 years.","stype":"ratio","isDimension":false},{"name":"M_Health_85ov","type":"java.lang.Integer","title":"Males Health Age 85 years and over","description":"Males Health Age 85 years and over.","stype":"ratio","isDimension":false},{"name":"M_Health_Tot","type":"java.lang.Integer","title":"Males Health Total","description":"Males Health Total.","stype":"ratio","isDimension":false},{"name":"M_Tot_Tot","type":"java.lang.Integer","title":"Males Total Total","description":"Males Total Total.","stype":"ratio","isDimension":false},{"name":"M_Tot_85_years_and_over","type":"java.lang.Integer","title":"Males Total Age 85 years and over","description":"Males Total Age 85 years and over.","stype":"ratio","isDimension":false},{"name":"M_Tot_75_84","type":"java.lang.Integer","title":"Males Total Age 75 - 84 years","description":"Males Total Age 75 - 84 years.","stype":"ratio","isDimension":false},{"name":"M_Tot_65_74","type":"java.lang.Integer","title":"Males Total Age 65 - 74 years","description":"Males Total Age 65 - 74 years.","stype":"ratio","isDimension":false},{"name":"M_Tot_55_64","type":"java.lang.Integer","title":"Males Total Age 55 - 64 years","description":"Males Total Age 55 - 64 years.","stype":"ratio","isDimension":false},{"name":"M_Tot_45_54","type":"java.lang.Integer","title":"Males Total Age 45 - 54 years","description":"Males Total Age 45 - 54 years.","stype":"ratio","isDimension":false},{"name":"M_Tot_35_44","type":"java.lang.Integer","title":"Males Total Age 35 - 44 years","description":"Males Total Age 35 - 44 years.","stype":"ratio","isDimension":false},{"name":"M_Tot_25_34","type":"java.lang.Integer","title":"Males Total Age 25 - 34 years","description":"Males Total Age 25 - 34 years.","stype":"ratio","isDimension":false},{"name":"M_Tot_15_24","type":"java.lang.Integer","title":"Males Total Age 15 - 24 years","description":"Males Total Age 15 - 24 years.","stype":"ratio","isDimension":false},{"name":"F_Health_15_24","type":"java.lang.Integer","title":"Females Health Age 15 - 24 years","description":"Females Health Age 15 - 24 years.","stype":"ratio","isDimension":false},{"name":"F_Health_25_34","type":"java.lang.Integer","title":"Females Health Age 25 - 34 years","description":"Females Health Age 25 - 34 years.","stype":"ratio","isDimension":false},{"name":"F_Health_35_44","type":"java.lang.Integer","title":"Females Health Age 35 - 44 years","description":"Females Health Age 35 - 44 years.","stype":"ratio","isDimension":false},{"name":"F_Health_45_54","type":"java.lang.Integer","title":"Females Health Age 45 - 54 years","description":"Females Health Age 45 - 54 years.","stype":"ratio","isDimension":false},{"name":"F_Health_55_64","type":"java.lang.Integer","title":"Females Health Age 55 - 64 years","description":"Females Health Age 55 - 64 years.","stype":"ratio","isDimension":false},{"name":"F_Health_65_74","type":"java.lang.Integer","title":"Females Health Age 65 - 74 years","description":"Females Health Age 65 - 74 years.","stype":"ratio","isDimension":false},{"name":"F_Health_75_84","type":"java.lang.Integer","title":"Females Health Age 75 - 84 years","description":"Females Health Age 75 - 84 years.","stype":"ratio","isDimension":false},{"name":"F_Health_85ov","type":"java.lang.Integer","title":"Females Health Age 85 years and over","description":"Females Health Age 85 years and over.","stype":"ratio","isDimension":false}],"filter":{"filterType":"tabular","feature":{"key":"LGA_MAIN11","geoLevel":"lga2011","geoField":"ignored","year":"2006","featureBbox":[140.961681984,-39.159189527500004,149.976679008,-33.9806475865],"featureType":"ste","featureInstance":"2","featureName":"Victoria","referenceSystemIdentifier":"urn:x-ogc:def:crs:EPSG:4283","prefix":"","keyTransform":null},"states":["2"]}}