drug_and_alcohol, metro_rural, perc_persons_not_physical, number_of_schools, unemployment_rate, cancer_incidence, new_settler, primary_care_ed, percpopulation_near_pt, perc_core_activities, cancer_incidence_males, aged_low_care, pharmacies, perc_male_75_alone, average_stay_public, registered_mental_health, perc_humanitarian, aged_high_care, perc_children_vulnerable_two, perc_people_18_smokers, perc_females_18_smokers, perc_females_not_physical, average_average_stay_all, family_incidents, erp_2010__males_total, perc_residential, separations_attended_hospital, perc_households_income_650, perc_individual_income, perc_males_not_physical, primary_health_occasions, gp_attendances_total, perc_persons_not_fruitveg, perc_9_students_min_numeracy, perc_female_low_income, cancer_incidence_females, irsed, perc_born_overseas, perc_male_low_income, perc_children_vulnerable_one, perc_males_18_smokers, lga_code, lga, perc_males_not_fruitveg, hacc_clients_69, perc_membership_groups, perc_9_students_min_reading, erp_2010__females_total, perc_females_not_fruitveg, perc_female_75_alone, hacc_clients_70, perc_students_government_school, perc_at_risk_alcohol, inpatient_separations, female_life_expectancy, ed_presentations, perc_industrial, perc_households, lga_name, perc_inpatient_private_hospital, perc_pop_higher_education, perc_persons_75_alone, perc_rural, perc_population_food_insecurity, fte_students, perc_private_health, perc_business, perc_atsi_population, perc_pop_not_complete_year_12, perc_persons_reporting_type_2_diabetes, gp_attendances_males, perc_volunteers, perc_low_english, number_of_hospitals_health, male_life_expectancy, gp_attendances_females_males, perc_9_students_min_writing
21.6923474218817,"Rural",26.0969,14.0,3.84839650145773,878.023586123784,111.904966858914,47.0861668244814,27.7383979178,5.40339801318355,1180.43844856661,53.8720538720539,0.258242231212878,28.3333333333333,3.16153169014085,12.2234656107429,0.0,28.0583613916947,9.33333333333333,23.1683,18.6777,29.1405,3.1342110074968,9.21063957992597,5930.0,"<1%",32.9885563380282,0.440954467981495,0.536620392532312,25.6714,412.585004734441,3966.37754361558,60.3187,0.924528301886792,0.586752899197145,562.686829611394,970.85,0.0500515512231699,0.413247100802855,18.6666666666667,30.4812,22250,"GANNAWARRA",69.9794,237.495672404858,0.7427,0.919642857142857,5687.0,46.7177,71.6666666666667,413.714416512949,0.817046688382193,13.9,470.775587501076,84.6370454684312,109.752948265473,"<1%",0.453627180899908,"GANNAWARRA",16.9135125251417,0.210084033613445,3.40425531914894,"87.3%",0.052,1520.7,35.7,"<1%",0.0146781115879828,0.762699386503067,0.047191,3368.14273600784,0.357073170731707,0.00367275732255991,2.0,78.4733386458799,4591.47165507539,0.872727272727273
3.9310174881385,"Metro",31.2431,74.0,5.2105527314342,355.551731016706,477.589288857423,105.70330009896,65.2639652842,3.48111690750948,401.672460772339,45.0976304634841,0.101697964867265,25.6524153248195,2.66471659254395,6.57516457468738,0.138411138411138,63.7203807935515,12.9634952572578,20.0845,21.8363,25.4195,2.5,10.4435986998306,127716.0,"26.9%",29.9032922424857,0.232065306609757,0.433699324324324,36.2701,99.0225260992181,6641.19023599547,51.9408,0.924510118856409,0.654750312978161,309.512829932079,1012.33,0.323296527856969,0.345249687021839,25.9526558891455,18.8121,21610,"CASEY",58.9023,106.461019270523,0.5517,0.89348732755855,127943.0,46.5409,74.3475846751805,120.1700368332,0.682889422831144,10.7357,389.291986591515,84.0261206703671,256.083298456147,"1.1%",0.654717501415033,"CASEY",32.6748789261098,0.269684936060039,0.882622481634493,"38.8%",0.054,44335.0,40.5,"<1%",0.00579304026836596,0.561797068496488,0.066136,5632.91114342128,0.135090965572198,0.0377645715623994,6.0,80.1186252251672,7635.63179872237,0.876863253402463
9.27727745847853,"Rural",26.0895,18.0,4.95283507826267,534.009141512423,72.4080191881251,12.4903833099516,18.6411129584,5.67532801646514,563.50626118068,58.5454545454545,0.0905100239851564,21.8543046357616,3.23777299292525,14.0743087296918,0.0625,41.4545454545455,12.8630705394191,21.4964,21.9313,28.0211,3.11876138433515,4.66126623523555,11180.0,"<1%",65.5490618271301,0.393968082228834,0.497198879551821,17.6136,205.050459338372,4497.04980199083,52.0784,0.944664031620553,0.613145539906103,503.80141064395,967.3,0.0714996595254308,0.386854460093897,23.6514522821577,23.2524,21750,"COLAC OTWAY",59.3304,219.380427414364,0.722,0.890625,10917.0,42.5852,78.1456953642384,316.735465940448,0.703955135773318,11.7,372.675023758881,83.7495321128348,42.1776711770829,"<1%",0.480784211893015,"COLAC OTWAY",21.0443230115361,0.260473933649289,3.21567374753767,"63.8%",0.023,3464.1,36.6,"<1%",0.00755559779509599,0.687162162162162,0.028272,3826.68872723042,0.281118319844826,0.00369098272415031,2.0,78.3163581613451,5197.39968507447,0.841269841269841
5.21933639865788,"Rural",23.5043,9.0,4.35553454287572,658.630545544924,149.123897104511,82.8880328072574,24.8456256949,6.56914893617021,977.039570102589,52.821997105644,0.372809742761277,35.5731225296443,3.94987645605365,14.0425003106748,0.0,18.0897250361794,16.8539325842697,20.3798,18.286,24.1533,3.73245140388769,5.71641605567292,4094.0,"<1%",55.7359689375221,0.523937060595916,0.601191489361702,22.5413,388.964831614266,4415.55223194648,52.9642,0.964912280701754,0.545016987542469,328.864153807235,941.57,0.068415359653867,0.454983012457531,23.5955056179775,23.391,23940,"LODDON",61.0625,429.80352314156,0.6973,0.903846153846154,3953.0,45.5905,64.4268774703557,399.259110329469,0.868229587712207,12.1,460.295762395924,83.0072987136936,224.182925313782,"<1%",0.453436095054592,"LODDON",23.5151187904968,0.257767548906789,3.45203984172466,"90.1%",0.112,988.8,34.9,"<1%",0.0105106961790528,0.742169925592663,0.045604,3666.73617253172,0.379107575233483,0.00302591764241547,2.0,75.3474211506497,5220.63173636843,0.909090909090909
10.965221892795,"Rural",31.6466,18.0,6.35763859138034,654.148430514377,47.061038166502,15.9066309002777,12.2673970894,5.1239844953008,675.675675675676,40.566398775354,0.188244152666008,28.2352941176471,3.80808362369338,27.2012800602381,0.0,50.5166475315729,8.76494023904383,20.627,23.2231,24.1227,3.69687890137328,8.70629206080286,10804.0,"<1%",51.4843205574913,0.381004969630039,0.496413298385984,37.2293,504.211962915902,5236.14904067217,49.5555,0.923371647509579,0.628595248020008,631.881282910483,961.95,0.0749369262977079,0.371404751979992,15.1394422310757,18.3992,22410,"GLENELG",55.4248,230.394036796264,0.6772,0.862595419847328,10445.0,45.7691,71.7647058823529,262.955078399162,0.714757048590282,14.0,376.958915713681,81.5356207686722,57.5085886394654,"<1%",0.515437849347884,"GLENELG",10.4244694132335,0.241918879967058,2.79314310750863,"71.7%",0.068,3161.3,33.9,"<1%",0.0198097096852891,0.721875219313636,0.063794,4463.88944373435,0.321182608695652,0.00184200831535182,3.0,76.9245960761579,6043.01243463508,0.796875
4.50878025628856,"Rural",24.2216,13.0,3.19004344002345,611.058376839108,17.7978168011391,74.9881347887992,16.3212924926,4.00162778079219,592.417061611374,48.8322717622081,0.177978168011391,27.0348837209302,2.9712218108381,15.9587090650214,0.0,31.8471337579618,9.70873786407767,19.2473,18.3266,26.7781,2.88984509466437,3.32225913621262,8440.0,"<1%",70.5149781218445,0.348994549896636,0.472141823444284,23.4528,726.862838158519,3799.65983395259,50.7626,0.972222222222222,0.605555555555556,629.752851711027,1012.57,0.0610534990728659,0.394444444444444,17.4757281553398,23.8774,25490,"MOYNE",55.3311,202.314695871075,0.6663,0.941176470588235,8416.0,43.5586,72.9651162790698,310.802286410638,0.686897536594074,13.9,448.089700996678,84.1957817977002,325.581395348837,"<1%",0.533212996389892,"MOYNE",21.3292731365021,0.284036972270797,2.39370955396284,"97.7%",0.046,1485.2,46.3,"<1%",0.0110383536014967,0.663386004514673,0.027398,3162.16916967329,0.342981977061715,0.00107802182994206,1.0,78.6494043765612,4445.55182134593,0.911764705882353
3.9397053785543,"Rural",20.4531,14.0,3.49472151437932,645.198127212516,62.8068973392714,25.5795363709033,14.6550320711,4.63800904977376,847.266154541347,57.2289156626506,0.228388717597351,31.1740890688259,3.2711762945226,25.9221194472993,0.0,39.5869191049914,8.76288659793814,14.3282,13.2703,21.4837,3.18821222889352,6.45198127212516,8852.0,"<1%",25.0673451062556,0.380766621438263,0.48511030953779,19.3594,1289.82528263104,4366.40927334728,49.952,0.923387096774194,0.607816012450285,438.697760332487,989.54,0.0661545298711193,0.392183987549715,18.5567010309278,15.0759,21830,"CORANGAMITE",58.5133,145.353110754736,0.6837,0.916,8662.0,40.876,68.8259109311741,314.456729802731,0.749570003439972,16.4,465.970081077995,82.6870367667224,111.682082905104,"<1%",0.491973406842873,"CORANGAMITE",18.1227790711923,0.258638473439917,3.19989635963208,"87.2%",0.045,3125.9,42.0,"<1%",0.00495193708127003,0.712846987136087,0.052698,3717.86676302942,0.327845322526174,0.00180370692872248,5.0,76.9659478337813,5028.72632516776,0.85140562248996
5.6474914630943,"Rural",21.4527,15.0,4.57512352833526,866.82427107959,91.9359075387444,117.546624638823,34.0553838802,7.37888546625595,1254.33680277555,62.5439212930429,0.656685053848174,29.874213836478,3.70468859342197,13.659049120042,0.0,45.6781447645819,21.7391304347826,22.5393,24.5751,21.6872,3.62517841849843,4.72813238770686,3747.0,"<1%",52.0643806857943,0.486400565171318,0.56189276718244,20.3943,927.764644076701,6466.42936358751,50.4686,0.896551724137931,0.57572846621838,491.336953710887,953.31,0.0485027414592999,0.42427153378162,28.9855072463768,16.7076,27630,"YARRIAMBIACK",60.0634,288.322668781544,0.7345,0.857142857142857,3867.0,33.7672,70.125786163522,373.22400800773,0.893890675241158,11.1,460.073548726031,84.7621146284555,256.895193065406,"<1%",0.470829068577277,"YARRIAMBIACK",18.4127890379675,0.242550655542312,4.58081244598099,"90.2%",0.083,1172.9,32.4,"<1%",0.00759624050469937,0.74756925334801,0.034533,5352.8439552368,0.457288258814976,0.00194040194040194,3.0,78.0911011782545,7567.22257470934,0.858407079646018
5.36999960222225,"Metro",29.8629,45.0,5.33769291917268,473.355520492184,696.774022461184,105.64314032273,97.7314026751,6.02687929629718,478.520641271729,51.7212237309144,0.26518516554184,26.1035903472631,3.41342519496675,12.5101101844363,0.0608943862987631,43.7771142036171,10.6037151702786,17.4718,11.0955,34.1487,3.18195725889125,6.27825879420305,73978.0,"69.2%",29.907659920578,0.345135547238559,0.49103297047537,25.8574,134.959360373381,6003.77781986922,46.4955,0.897377423033067,0.59481658692185,468.384074941452,987.1,0.348866478675779,0.40518341307815,21.3675213675214,23.5978,25250,"MORELAND",54.596,73.9335223123009,0.5731,0.889265536723164,76860.0,36.9502,73.8964096527369,234.556835717688,0.567520683213237,5.6,420.351635529508,84.4047469542223,283.158090136438,"6%",0.549547476606842,"MORELAND",34.0714454696002,0.542829129155896,2.68663324847009,"<1%",0.101,16235.2,44.4,"3.2%",0.00500330274197855,0.456787314650866,0.069999,5232.70350245934,0.144624636466703,0.0887430939226519,5.0,79.084589919622,6760.74820422493,0.888268156424581
6.50406504065041,"Rural",32.7038,9.0,3.77232142857143,829.268292682927,48.780487804878,107.154471544715,26.5930310463,6.23711340206186,918.635170603675,68.9075630252101,0.48780487804878,26.1484098939929,3.7927292457949,15.1219512195122,0.0,55.4621848739496,20.5882352941176,22.5365,18.0822,32.3226,3.81210751067571,5.52845528455285,3048.0,"<1%",43.5431361909929,0.49055018899622,0.554033149171271,34.5726,1206.34146341463,5815.2928829762,55.3948,0.975903614457831,0.593538093338652,741.457124435848,954.91,0.0577654790729851,0.406461906661348,29.4117647058824,25.2994,22980,"HINDMARSH",63.1007,134.075322920559,0.7026,0.94047619047619,3102.0,47.0324,73.8515901060071,339.880943603617,0.848979591836735,8.8,647.317073170732,83.5649444840145,253.170731707317,"<1%",0.449333871618894,"HINDMARSH",7.41019844260236,0.264180264180264,5.01684098564084,"59.7%",0.048,996.6,32.2,"<1%",0.010886967659302,0.74722536806342,0.040102,5031.14899432869,0.428252123379526,0.00321434613432583,4.0,77.7401687411068,6590.1199431079,0.858823529411765
14.8774219058917,"Rural",29.5961,9.0,5.13388060342975,598.062475286675,143.337287465401,326.809015421115,16.7240612933,4.37668766876688,716.158967117208,51.9480519480519,0.247133254250692,24.248496993988,2.69304812834225,14.5314353499407,0.0,35.4191263282172,7.62331838565022,13.3304,10.478,29.7116,2.69115348546421,10.8738631870304,9914.0,"<1%",84.4087938205585,0.379553635709143,0.470079255435178,28.3011,560.102807433768,5227.48541767944,50.1943,0.915322580645161,0.619953596287703,484.590036828843,993.32,0.0509282916027934,0.380046403712297,18.3856502242152,13.329,23190,"HORSHAM",50.3532,135.020018886147,0.6604,0.864,10318.0,44.1398,75.751503006012,250.899268811423,0.748106684227856,9.8,474.347568208778,84.0981683439736,563.859232898379,"<1%",0.517462978485611,"HORSHAM",12.3163488590184,0.290490916119057,2.89174779786741,"85.7%",0.041,3184.5,38.1,"<1%",0.0122651356993737,0.662818235642392,0.037411,4245.74395612359,0.356707987970366,0.00267320115838717,1.0,77.7693236243394,6183.08140676403,0.822134387351779
3.37378903933111,"Metro",25.8887,53.0,5.16334837901482,582.281548754122,762.769695848773,55.2689145838249,92.3978123931,4.36495078449586,645.510468094094,43.2516413571894,0.204085537350842,22.1603293775733,3.29024233200656,7.9402029375562,0.024247491638796,30.1207838420288,5.7742782152231,13.5915,7.1048,30.9715,2.93858056994475,4.13273213135455,75754.0,"73.3%",46.057714820885,0.281805407868753,0.445827272237487,23.3865,87.4761634470047,5245.14530407941,44.3625,0.980085348506401,0.631480362537764,523.17905309527,1055.17,0.306133101348412,0.368519637462236,13.831899404368,18.5932,26980,"WHITEHORSE",51.8256,79.7087264068238,0.6763,0.967628430682618,81043.0,33.7942,77.8396706224267,254.115197838962,0.636707759987723,8.8824,481.393138899341,85.2959658925607,182.344049949935,"3.4%",0.667785234899329,"WHITEHORSE",54.7329791603185,0.541612359452931,3.03696729872461,"<1%",0.039,23590.7,59.5,"3.2%",0.00213908006271092,0.399638319996383,0.053024,4487.15277800018,0.222021091688506,0.0481228154538473,8.0,81.3315674413535,5969.1060675895,0.943820224719101
5.69641229596487,"Metro",20.4257,21.0,3.41940079241419,314.856243267876,1312.246250725,108.791117739664,99.1325438989,1.61156888050564,356.853203568532,118.055555555556,0.321070511227111,30.2710843373494,3.13435740599152,9.41461595824012,0.0134175217048145,50.2777777777778,18.2170542635659,12.3222,11.8951,14.3311,2.7443203696573,6.98069434087331,49320.0,"17.5%",28.7064711197609,0.312584199799648,0.419874249683843,26.665,57.4198359433259,3875.59750129417,42.6567,0.989327641408751,0.560811097441989,271.0027100271,1049.18,0.494131937035274,0.439188902558011,27.906976744186,13.9897,24600,"MELBOURNE",50.2108,170.4345996858,0.6518,0.979787234042553,47232.0,35.373,69.7289156626506,120.651297372078,0.525544959128065,10.1,268.974231502196,88.8576166308162,226.344353301848,"8.7%",0.774366949525001,"MELBOURNE",44.6014632268002,0.732963621567859,1.17887261429205,"<1%",0.051,8006.5,54.2,"4.4%",0.00365813540364498,0.160824300433936,0.015693,3619.23380285656,0.206354311854473,0.0471859478306635,24.0,82.8004565726636,4175.81846796565,0.969312169312169
4.91600848069709,"Rural",29.6508,38.0,4.06639255048978,526.548775657604,51.2569604622446,130.099485100534,21.7223035508,4.52109657039711,635.733940601575,44.2835852671918,0.163090328743506,26.0162601626016,3.12268458688722,9.87861419817805,0.0454545454545455,32.9997870981478,10.3070175438596,17.5935,14.4788,24.3625,2.9994851994852,7.36236341184968,21078.0,"1%",64.7712587231843,0.357961979527438,0.488681412322626,35.1261,205.587008690385,5470.69203666159,48.9811,0.952879581151832,0.630174374526156,421.187565810557,1000.77,0.103110909451833,0.369825625473844,22.4669603524229,22.5433,20830,"BAW BAW",56.9579,122.411325680488,0.6395,0.940397350993378,21843.0,42.3515,73.9837398373984,257.091668057881,0.662580355808043,11.0,362.060529810582,83.8003978927889,392.931199179889,"<1%",0.575385071090047,"BAW BAW",25.3088803088803,0.287300864815658,2.47456458010002,"40.3%",0.056,8438.9,43.7,"<1%",0.00992227979274611,0.66494652606387,0.035131,4488.98024988828,0.279847965419586,0.00356774535217549,2.0,78.4620971333028,6423.08428447575,0.865965834428384
7.2463768115942,"Rural",25.3996,17.0,6.563044179297,450.153711023276,123.517786561265,439.339042599912,56.8591436103,4.0763171933348,492.233646904397,42.8816466552316,0.109793588054458,23.2014388489209,3.18873550524572,19.2687747035573,0.4,39.451114922813,13.3949191685912,20.1848,20.8401,23.0437,3.26324033284386,10.8421168203777,18284.0,"7.3%",88.0728879072336,0.306834624223338,0.435298969072165,27.7998,232.048748353096,4334.02691950729,50.6286,0.935483870967742,0.655740810913225,407.758430681067,993.05,0.0963035326001324,0.344259189086775,24.1935483870968,20.3302,27170,"WODONGA",62.1453,137.396444874331,0.546,0.905027932960894,18148.0,39.0271,76.7985611510791,198.86863206255,0.676305643182615,11.3,280.385375494071,84.3905287779551,633.536451471234,"2.7%",0.593289146644573,"WODONGA",11.3558492413118,0.261575466025256,1.79627176687235,"68.8%",0.064,7054.2,36.1,"<1%",0.0143469512728545,0.63101873192809,0.064672,3497.60271032306,0.223729237960103,0.00460442398033787,2.0,80.3194819106257,5174.90983300257,0.863720073664825
2.97933089193719,"Rural",24.054,18.0,3.91043080510628,521.382906089008,24.8277574328099,141.890633728508,19.7821977628,4.8198775452086,548.423283061199,47.6467170249855,0.124138787164049,25.8064516129032,3.5963943006688,17.1932220222208,0.0,58.1057524694945,6.28019323671498,19.7858,19.8337,21.9252,3.66973321067157,4.96555148656198,8023.0,"<1%",52.2244838615877,0.326023675528818,0.459797829917463,24.1142,250.884488858544,3814.37817536299,46.6166,0.956521739130435,0.618999596611537,494.559841740851,1016.24,0.0832618025751073,0.381000403388463,12.0772946859903,16.7142,23350,"INDIGO",54.09,97.6589290932275,0.7025,0.907563025210084,8088.0,43.6801,74.1935483870968,269.148008580935,0.775471698113208,19.7,269.877723294643,84.1205176639774,248.525851902427,"<1%",0.586699229757655,"INDIGO",20.9061637534499,0.334781709083385,2.28546151577706,"74.4%",0.084,1972.1,44.3,"<1%",0.00684039087947883,0.64,0.033095,3230.39324206557,0.337991184469661,0.00225861095426313,2.0,76.7035502496343,4406.39978790578,0.87603305785124
4.17709599272429,"Metro",27.0449,44.0,3.04474804984436,552.921955106279,327.568028716529,92.3226746291721,87.7362039413,4.67275216795984,586.577159337168,40.0232439892497,0.22535392638975,22.1368178324366,3.6129205496762,9.68217048024531,0.027027027027027,51.2820512820513,7.31707317073171,18.0394,15.3531,27.4179,3.0772138619592,6.26966816634339,61373.0,"68%",44.3847733375454,0.263060293292341,0.428829199214289,26.0217,205.072073014672,5294.1161034686,41.6417,0.962861824139814,0.634833555259654,520.071251351867,1047.4,0.208490626693487,0.365166444740346,14.6341463414634,20.6584,20660,"BANYULE",47.4673,109.966807733333,0.5851,0.944323144104803,62876.0,35.1733,77.8631821675634,246.479246685695,0.608314031451908,10.6,444.977424365588,84.2450573638542,252.058366666935,"2.1%",0.643915645483044,"BANYULE",42.7452611778324,0.48555182699478,2.41871014519697,"2.6%",0.047,22027.0,59.7,"1.3%",0.00475818836383777,0.462966586480358,0.034962,4402.28501707105,0.197261406975141,0.0238248259755777,8.0,80.6023959246311,6170.67795908306,0.918859649122807
4.73447036677885,"Rural",20.9095,18.0,4.47403860541673,655.980833951286,102.675260966288,164.166333922765,12.8657072606,5.1970657714783,750.230840258541,49.6031746031746,0.171125434943814,24.9206349206349,3.67373380447585,25.0413553134448,0.0,41.2698412698413,9.04255319148936,18.9981,19.2446,21.0281,3.62193040052528,10.096400661685,8664.0,"<1%",79.1666666666667,0.387489975942261,0.484251654573001,20.5899,244.081912041526,3877.34134308724,47.6137,0.950943396226415,0.625885065041989,563.888575617458,996.08,0.0656212607846842,0.374114934958011,15.4255319148936,19.7255,26260,"SOUTHERN GRAMPIANS",57.2725,341.720143516381,0.7441,0.939163498098859,8867.0,39.0891,75.0793650793651,333.3270171844,0.589560243117626,16.4002,434.373395699047,84.8615859859802,345.730420398152,"<1%",0.502560918826634,"SOUTHERN GRAMPIANS",10.8076165462902,0.295281582952816,4.07978241160471,"82.5%",0.029,3297.9,41.3,"<1%",0.00697309547329886,0.681825538112963,0.036944,3152.26259570201,0.359025880083588,0.00234076629296538,3.0,79.1752522263997,4602.96742862964,0.855555555555556
2.69605385028347,"Metro",27.6519,59.0,3.24891864425822,500.864271092049,564.578453987151,46.5998454341119,93.9202237908,3.64618087235984,540.573225299311,56.1399496912874,0.224179532408691,18.8724319159102,3.96872850657985,7.03805742535706,0.00522466039707419,50.2515435627716,4.45259298061812,13.6133,9.056,25.2902,3.05510867958007,2.89663553717546,82690.0,"75.8%",20.5557338713375,0.20007326007326,0.372778029532221,29.3538,25.9399316842372,4344.07170538325,42.409,0.987101669195751,0.620197710956673,463.042952417153,1104.45,0.27078479208355,0.379802289043327,10.7538218239325,18.03,21110,"BOROONDARA",49.9808,88.2965396730921,0.733,0.980280621918847,86817.0,34.2392,81.1275680840898,238.889348336388,0.460123975537713,6.2,398.980573073678,85.7860254049375,125.528739226109,"<1%",0.744025100851636,"BOROONDARA",67.7524767115186,0.694993998446657,2.94059795436664,"<1%",0.031,34026.2,71.9,"3.2%",0.00115363861340082,0.268332224099387,0.029196,3653.80704279727,0.251311364589305,0.0284661277514203,15.0,82.2018039714477,5008.24280240717,0.974544072948328
5.50727086479465,"Metro",31.252,59.0,7.98162219662325,390.736379669036,694.34910711457,109.268900552311,85.6043123399,5.26805220282415,425.82648095318,31.1557083713424,0.174247304447002,26.4942528735632,2.93495827915933,10.4759591522077,0.149049429657795,39.5059995789769,12.375745526839,22.0037,12.8617,30.1021,2.67572574890778,8.95525540430655,95344.0,"46.2%",47.4860519082964,0.335125002391017,0.535936377375319,31.0996,180.668053604807,6679.93330493473,43.4408,0.902863559797866,0.603627342209073,355.160460219902,930.47,0.467756637395368,0.396372657790927,26.9020387866733,30.3256,21180,"BRIMBANK",48.0484,92.466850403736,0.4703,0.876966292134831,94042.0,39.4418,73.5057471264368,143.614597724963,0.60044175773076,4.7,421.799921852724,83.7232535431261,268.282766413568,"19.8%",0.535392274361575,"BRIMBANK",23.9375086063368,0.345092991488915,1.09057405561928,"6.9%",0.049,28166.4,32.1,"1.5%",0.00363061993261479,0.539522706676065,0.066774,5758.7530051109,0.0979801025022611,0.134651867818809,5.0,79.155558581813,7616.02301045758,0.868317388857625
9.15012406947891,"Rural",21.7404,8.0,8.00763458118249,953.7841191067,23.2630272952854,30.3970223325062,36.8592120194,7.28270042194093,1077.28337236534,44.1626585045912,0.0775434243176179,32.7659574468085,3.34800704338082,18.2227047146402,0.0,26.2352426759948,17.8571428571429,21.6336,22.2031,28.157,3.22656985343552,13.4925558312655,6405.0,"<1%",55.9468544901553,0.544453507340946,0.628702812533419,16.4676,112.670595533499,6097.33162442633,49.7592,0.909574468085106,0.562850824970233,831.921121552919,907.14,0.0819840657928553,0.437149175029767,35.7142857142857,21.8153,21670,"CENTRAL GOLDFIELDS",59.6463,135.267473310514,0.6289,0.867021276595745,6491.0,37.4783,67.2340425531915,242.991795946941,0.759010220548682,13.1204,576.690446650124,82.2100934733281,88.0893300248139,"<1%",0.407169296707578,"CENTRAL GOLDFIELDS",16.0010757025682,0.200493305144468,4.01606425702811,"73.1%",0.111,2287.1,28.9,"<1%",0.00953356445004727,0.736503713557255,0.074559,5244.36839335556,0.260916911684635,0.00200033338889815,2.0,77.5121394992462,6941.66966336265,0.830687830687831
5.38476253905724,"Metro",26.2544,42.0,5.36303158857204,482.503064354998,621.373256151737,104.145558633687,96.0969865105,6.04412336948246,543.698305280814,42.827881571597,0.255067699218501,26.6390833863781,3.06639586567704,12.1936530654178,0.0342075256556442,34.3243746508597,10.3501945525292,23.5036,19.2607,29.6518,2.86922302553308,7.10646950878212,69156.0,"63.6%",24.1998256098339,0.353403475890271,0.499979207385537,21.4016,190.769383373837,5864.3903072619,49.389,0.916284403669725,0.591782417034018,423.711154022478,971.57,0.348786153728333,0.408217582965982,20.4368174726989,27.3476,21890,"DAREBIN",58.1287,88.2405784710514,0.5588,0.880273660205245,71983.0,41.3936,73.3609166136219,199.957652093812,0.607888970051132,11.2,464.520791560093,84.2176641048686,283.118060918669,"6.2%",0.538315871807011,"DAREBIN",28.2801012781794,0.552051763121182,2.67928711520423,"<1%",0.043,15592.0,41.4,"2.5%",0.00971985274310856,0.451768386783079,0.06353,5128.12812446378,0.142990860616514,0.0914932475453236,4.0,79.0332126777858,6581.67953564599,0.863791146424517
11.3867425782839,"Rural",29.4368,37.0,5.50906408094435,711.671411142741,90.3709728435227,189.485337309656,28.2496322572,5.80979432959865,771.865722767755,34.5332162715833,0.180741945687045,28.1169389509888,2.89297967125813,14.8660250327595,0.0,36.5817968978636,17.3228346456693,22.1216,17.6425,38.5946,2.88180592991914,12.4711942524061,21895.0,"<1%",64.3146090429617,0.45923949299533,0.555984941866276,21.8342,713.501423342822,4220.96082240997,47.3791,0.944230769230769,0.590808316855414,652.747351008182,962.92,0.108870110544218,0.409191683144586,28.0839895013123,29.0414,22110,"EAST GIPPSLAND",44.2102,245.284423725214,0.6719,0.900952380952381,22367.0,51.4241,71.8830610490112,215.937247474487,0.738079470198675,14.9,502.914463874204,83.322596406174,363.946500384077,"<1%",0.504646542331603,"EAST GIPPSLAND",12.2686433063792,0.251427535575093,3.17386676855061,"20.2%",0.053,6333.9,33.7,"<1%",0.0304677684352953,0.690906011854361,0.04798,3552.06645691426,0.299172716528786,0.00291697051776227,3.0,78.4247821466827,4872.76161725136,0.849809885931559
7.60374668485843,"Metro",28.8136,42.0,6.48372898087234,547.285799696463,177.829559565237,69.4531741043369,80.1384433299,4.51674294258915,643.589102724319,35.799522673031,0.16096641167543,24.3108901943064,3.2732980332829,13.0459444129325,0.0301724137931035,39.7498148300551,14.6743020758769,24.1165,23.3338,27.545,2.89863061574633,12.4557342367893,64016.0,"46.9%",66.981845688351,0.319600351235256,0.451244813278008,30.8619,88.9990955220677,5771.56769553478,52.8811,0.939820742637644,0.645141065830721,454.504409595762,996.51,0.224734322510961,0.354858934169279,25.125268432355,24.1549,22170,"FRANKSTON",59.7742,135.72171254905,0.5003,0.91851368970013,66446.0,46.7157,75.6891098056936,214.090227870396,0.767366275546742,12.2,482.500651530714,84.0159518914156,258.948965982432,"3.8%",0.600390400734872,"FRANKSTON",36.9956154286077,0.25999112557314,2.02377686328304,"19.2%",0.086,20639.0,43.4,"1.3%",0.00687160642338653,0.60083898416179,0.070481,4803.91539640602,0.154869149770626,0.0111302063182141,7.0,79.3047704908764,6714.04776721261,0.876347495244134
3.66707331242012,"Metro",27.7434,40.0,3.49931526979621,582.374811200186,716.713140467062,65.0052283025444,98.074256136,4.27660329355567,625.811784153973,36.7785741229725,0.225107470663413,22.7561657767607,3.54487936883028,7.74805390960846,0.0121580547112462,43.0655098704891,5.26735833998404,14.9054,11.4624,29.5523,3.06582751339938,4.15359591030557,67752.0,"83.2%",26.9924152913824,0.271417133706966,0.40535064147018,26.1595,130.693040548391,5033.27671146622,46.9655,0.98567335243553,0.615386671656553,540.308747855918,1071.21,0.344580812747337,0.384613328343447,14.5716573258607,18.3022,22310,"GLEN EIRA",57.6204,105.019377233331,0.5993,0.973977695167286,69960.0,38.0748,77.2438342232393,278.184661471401,0.458590091200394,6.9,447.092482862786,85.5987294106514,167.087835482747,"<1%",0.66771607270285,"GLEN EIRA",57.3867143089167,0.605264713415956,3.45457579776722,"<1%",0.027,17951.1,65.5,"3.3%",0.00147943812173002,0.335479793852624,0.039708,4282.96009698268,0.197774977184825,0.0369572337234758,12.0,81.2429658224161,5774.355774775,0.952602230483272
5.52825552825553,"Rural",31.0865,51.0,5.14194452888572,533.630221130221,126.689189189189,169.446790540541,64.690936804,5.06022740065293,637.958532695375,48.3043986687056,0.201550982800983,24.3708609271523,3.11508858772751,18.6578624078624,0.159090909090909,40.7484033462265,12.594696969697,19.6143,18.1638,30.7959,3.02586225631887,7.22704238329238,50787.0,"3.5%",79.7893211795599,0.371525224297691,0.497239575766381,32.3873,79.4014895577396,4597.71255155628,56.0574,0.9376,0.616654492330168,434.416253159817,984.4,0.0629940851155269,0.383345507669832,23.2227488151659,20.8232,22620,"GREATER BENDIGO",60.66,134.906307497752,0.5653,0.911302982731554,53405.0,52.7237,75.6291390728477,246.546687632924,0.701490577188259,11.6,441.617398648649,83.6112312250905,373.099662162162,"<1%",0.559457142857143,"GREATER BENDIGO",27.9964357898855,0.32312493196415,2.6068041616794,"72.4%",0.076,17291.5,39.8,"<1%",0.0116114063163564,0.628532814518884,0.057111,3886.52399990978,0.247404309214886,0.00269331790054757,5.0,78.6562102264024,5270.28271987035,0.862529457973291
7.19554266083517,"Metro",34.707,42.0,8.42896420989966,451.074640222867,1298.3732444175,89.839633943908,90.6539565828,5.99159678335888,469.013641433351,45.7167580040381,0.238167410037674,26.8217734855136,3.11151206553022,10.6309271207725,0.183991106170095,55.3792904528411,16.5156794425087,22.8597,16.8741,35.8236,2.92345412234043,12.052714386755,69934.0,"28.8%",42.371042727474,0.39051984784941,0.553536151718688,31.8645,144.343884871317,6640.45703550945,53.0741,0.891233766233766,0.597410579744627,432.793191886221,893.85,0.560214419540629,0.402589420255373,33.61285814116,28.7511,22670,"GREATER DANDENONG",58.1034,86.3214418967518,0.4872,0.840043525571273,68624.0,48.8215,73.1782265144864,159.913276270406,0.690216440114346,7.2,434.186405692923,83.9312948873644,252.536843776613,"19.9%",0.492099904028464,"GREATER DANDENONG",24.9168882978723,0.337755174621239,1.93579088699672,"19.2%",0.077,23705.7,30.4,"5%",0.00426215284384538,0.545482966916403,0.066316,5788.51011687992,0.110406347356389,0.169488492574068,10.0,78.8146120024459,7511.44079158725,0.846730975348339
7.68927133496487,"Rural",24.3788,43.0,7.9865179359602,536.8279782111,333.149127654535,205.889318702139,36.9159348117,4.5168008628224,620.446084826116,54.1155070486585,0.189468698192153,23.5023041474654,3.10984471431415,17.3048077682166,0.341232227488152,46.8394724874943,12.7320954907162,25.3871,21.2002,24.7209,2.93591654247392,9.53659114233836,31429.0,"1.7%",82.8488950826199,0.352779053743684,0.475918790752816,22.9204,407.310333938581,4865.78974225504,53.9428,0.906466512702079,0.612434480253257,454.459976180029,967.84,0.115773942925444,0.387565519746743,23.8031914893617,28.7682,22830,"GREATER SHEPPARTON",62.3538,119.334181835927,0.5564,0.884439359267735,31906.0,43.5545,76.4976958525346,193.477269928389,0.721223747980614,12.1,423.778321623115,83.8205835297717,409.599747375069,"<1%",0.518765965808607,"GREATER SHEPPARTON",25.1415797317437,0.297256207920075,2.05173783139821,"89.5%",0.081,11800.0,35.1,"<1%",0.0346307234085517,0.67147816097695,0.041944,4074.53169404509,0.230694499800717,0.0241712961259703,3.0,77.8759229247997,5640.79967056658,0.828106852497096
4.11476452324842,"Metro",26.7304,35.0,4.13303196641912,521.826955448322,262.783825234729,100.680806493847,83.3344827537,4.33865113530852,602.086209541341,58.0894235949003,0.196386488609584,21.8676677616143,3.17787297448314,9.48266187857704,0.192170818505338,51.8046327886515,9.50184501845018,17.1151,11.7632,31.1113,2.96268795631761,5.57363558149104,52152.0,"70%",51.8346060718942,0.265298054386807,0.422377943400302,20.5626,123.826356937119,5233.97949466136,45.2593,0.965614035087719,0.654157209986254,445.418035779482,1045.93,0.196118216971912,0.345842790013745,19.3160813308688,23.9357,24410,"MAROONDAH",55.6519,84.8136621785514,0.6331,0.950842696629213,54780.0,36.6832,78.1323322383857,210.284436234143,0.675670398333767,10.4,452.147158942131,84.8009266637874,251.935809673437,"8.1%",0.658190306192503,"MAROONDAH",44.4766179238454,0.365910498834774,2.28987126861662,"2.9%",0.033,17609.7,53.5,"2%",0.00358185065537131,0.521070033880778,0.049963,4387.12182504328,0.206361447087155,0.0143719098298835,4.0,80.5461660829319,6054.01789854635,0.937238493723849
7.94710832108989,"Rural",23.7701,15.0,6.57603025560772,687.858955522906,113.530118872713,105.783357820222,21.0950376393,5.86009882643607,810.372771474878,51.3499205929063,0.200347268598905,24.7222222222222,3.29346314325452,13.1561373046614,0.0,33.3509793541556,6.52173913043478,17.8398,20.5948,25.2653,3.09286539572501,6.81180713236276,7404.0,"2.3%",49.9304589707928,0.448673587081892,0.550853242320819,22.785,339.187925737946,4814.98236784154,46.0818,0.967741935483871,0.594972561515312,568.031704095112,979.71,0.126648869346734,0.405027438484688,13.9705882352941,12.797,22910,"HEPBURN",47.0108,100.862734159875,0.641,0.95,7570.0,43.4924,75.2777777777778,289.935171312615,0.738001958863859,11.0,462.401495926272,81.9696931919781,205.890209696808,"<1%",0.551243965837356,"HEPBURN",27.3108030040439,0.357914513856271,2.8487773996993,"73.2%",0.073,1534.7,35.7,"<1%",0.00668261114237479,0.615000499350844,0.048275,4003.21948587221,0.297842865624382,0.00480769230769231,2.0,79.3860113151869,5605.449330651,0.827586206896552
4.64320157370683,"Metro",28.6707,38.0,6.93673264668899,295.070031231438,629.099525460967,158.667203157633,75.7422398958,3.35213002890584,312.077526627668,60.0352112676056,0.0766415665536204,23.3128834355828,2.72527498919256,9.63767699411776,0.0598984771573604,50.8802816901408,13.1156039398652,23.147,24.0243,25.5989,2.54456669772776,8.50082709023906,79147.0,"14.8%",44.2408376963351,0.22006155567991,0.415685066851438,32.221,113.985169856872,6140.17160583453,57.0791,0.908419497784343,0.654772194098037,277.684498747191,1021.76,0.269324885710492,0.345227805901963,23.6514522821577,22.5985,27260,"WYNDHAM",60.0646,100.706151319309,0.5333,0.891691394658754,77426.0,52.5735,76.6871165644172,123.543081016499,0.593996840442338,12.0,356.408831663186,84.3556162797041,295.73425814157,"3.7%",0.669354838709677,"WYNDHAM",25.3852770410723,0.318634333120613,0.772233697815005,"44.5%",0.059,28524.7,48.3,"<1%",0.00674792834301826,0.553292223540946,0.042879,5162.8445990075,0.136888017136811,0.0312788267851428,3.0,80.0904038201044,7109.36790509104,0.866302186878728
5.16291076536664,"Metro",32.234,56.0,8.35830201423648,386.05548966255,431.405381520501,93.2114700341868,77.1136548199,4.4062825106924,431.42544828709,40.3682719546742,0.116281773994744,28.3381364073007,2.74229493105234,12.7328542524245,0.351752021563342,35.0060704168353,16.4890918315576,24.4931,22.4637,36.4444,2.60670442457522,11.8432986813647,85994.0,"10.1%",27.3450835235228,0.279889707544185,0.497851031110761,25.8969,142.69517895765,7167.60784015898,47.3476,0.895310279488394,0.621079518453984,340.68975140113,965.16,0.31396641549741,0.378920481546016,29.5882053889171,26.6301,23270,"HUME",50.7874,106.422764810381,0.4991,0.874587458745875,86002.0,43.391,71.6618635926993,145.096289423172,0.646088999962699,5.9,404.462894485918,83.0334791910198,268.663224726156,"3.6%",0.599067343900517,"HUME",25.0481557082483,0.275167785234899,0.744555305224761,"53.7%",0.073,30310.6,37.7,"1.9%",0.00659535733490551,0.582637266933217,0.084838,6115.61721957238,0.112215090515271,0.0750841992117521,4.0,79.4986730471402,8194.15033962601,0.853245531514581
4.83799529828626,"Metro",30.8374,28.0,4.98234763561397,490.613607713536,492.884967008506,257.435862491908,91.2668430543,4.70244872851964,568.804824561404,32.964551817566,0.170351947122756,26.3030303030303,2.97891453055702,10.777599854633,0.0345622119815668,52.9464890494468,11.4790286975717,18.0184,13.8782,28.6098,2.68032516194589,6.24623806116771,43776.0,"36.8%",25.2837705780651,0.305934667350778,0.457459451316472,30.3775,141.403472908362,5438.46435376165,46.6013,0.95244055068836,0.616794731064764,413.307134629717,997.81,0.313209344162544,0.383205268935236,21.6574585635359,23.0446,23110,"HOBSONS BAY",49.3666,91.1266894793984,0.5717,0.93609022556391,44277.0,42.7634,73.6969696969697,183.373215388651,0.604895104895105,11.3,447.060293232485,83.4305756423714,413.796236357648,"10.8%",0.580064926460845,"HOBSONS BAY",32.4120411533088,0.428115789898664,2.16166644831652,"<1%",0.035,11836.2,43.3,"1%",0.00405856605198268,0.525331162333147,0.032323,4627.68184713395,0.155507304921565,0.0568414770220827,2.0,79.2169620276434,6243.09713451216,0.91449814126394
4.05832157495129,"Metro",24.2594,44.0,5.24919483769318,553.651817509911,389.034468857085,83.8204663038366,86.2089515568,4.47795239668381,610.279393534853,53.0035335689046,0.194853188201304,23.1325998841922,3.20615262740956,8.17039575354431,0.0138169257340242,35.394581861013,5.79710144927536,15.3219,14.8173,20.7759,2.92980199044704,5.98669623059867,73409.0,"44.4%",22.8148930551888,0.29392886884813,0.437516674406885,28.8554,104.441308875899,5237.21434859954,42.1281,0.979057591623037,0.634400831112516,498.534890812904,1030.37,0.302740695390829,0.365599168887484,15.2073732718894,16.4702,23430,"KINGSTON",47.9647,92.9201525480361,0.6094,0.961509433962264,75421.0,37.0061,76.8674001158078,246.988863836842,0.582993946064942,9.4,454.364039508164,83.9093824065471,224.457434656991,"13.7%",0.617778128327484,"KINGSTON",43.9983437587803,0.400741661855487,2.75127049115037,"4.6%",0.039,19305.9,52.0,"2.4%",0.00227474319723025,0.488740534077322,0.035553,4454.67618440676,0.166419581115367,0.041810974990032,3.0,80.0341424266364,6013.28998166914,0.943651389932382
3.3622435334123,"Rural",18.0813,9.0,3.38155068524397,573.109693195278,72.5938944714018,49.4020555534329,48.0103170382,3.24040286089622,669.072319951887,45.3210239194293,0.152829251518741,25.4641909814324,3.04653095139177,7.25938944714018,0.0,42.8031892572388,4.98533724340176,14.0039,13.9441,16.9302,2.73467048710602,3.05658503037481,13302.0,"2.1%",77.1707519734109,0.284246112237999,0.43581616481775,19.9356,212.165208420892,4705.66467676632,37.15,0.888888888888889,0.635927272727273,473.9336492891,1065.04,0.1142047674873,0.364072727272727,13.9880952380952,13.3845,26490,"SURF COAST",40.8727,203.890629758336,0.7037,0.894736842105263,12871.0,31.7982,74.5358090185676,375.588002186408,0.674739509997184,16.284,333.358804875253,86.2511597123094,147.709471592863,"<1%",0.66714944042133,"SURF COAST",44.8252148997135,0.405913645923543,1.92141073339789,"66.4%",0.054,2639.4,54.0,"<1%",0.00399157820861479,0.51343643047281,0.02389,3918.96599419245,0.290843235686598,0.0032783723845338,2.0,81.1900534675264,5510.79873662277,0.842105263157895
3.88861013547416,"Rural",20.9688,7.0,3.95551623910022,702.458605117913,62.7195183140993,15.9307576517812,12.2756488397,4.68773179053553,765.99950580677,48.3870967741936,0.250878073256397,22.1621621621622,2.95099383139136,8.02809834420472,0.0,34.5622119815668,1.88679245283019,24.0247,27.0523,24.415,2.88172345818079,3.38685398896136,4047.0,"<1%",59.9725839616175,0.413010007698229,0.495538257072337,12.6187,242.975413948821,4325.8533391522,51.4355,0.994505494505495,0.583908045977012,636.942675159236,1007.9,0.119336025123374,0.416091954022988,3.77358490566038,19.2529,24250,"MANSFIELD",48.1,104.711559660797,0.7372,0.994444444444444,3925.0,45.5003,77.8378378378378,252.401744555504,0.600506756756757,17.1,445.434019066734,84.0464359309039,72.629202207727,"<1%",0.549186390532544,"MANSFIELD",17.8259645170375,0.287275907302143,2.98917434157376,"32.5%",0.076,1370.5,41.6,"<1%",0.00595854922279793,0.621237932992618,0.039964,3683.12197328814,0.319538926681784,0.00206155205418937,1.0,78.207235799383,4990.33210390116,0.972451790633609
3.98639934341658,"Rural",22.9303,28.0,2.44882542413782,527.611677805135,60.9684605463712,35.0099659983585,18.7536276664,3.5188529524435,633.273021616989,49.2581602373887,0.187595263219604,26.2264150943396,2.84581855043082,8.95767381873608,0.0,41.5430267062315,8.58778625954199,17.0782,17.6178,25.1193,2.67583829520526,5.55750967288076,21002.0,"2.5%",29.4069944247339,0.25981352346627,0.438724590885742,21.9336,144.823543205534,5546.70475544438,43.8107,0.968634686346863,0.647821359872878,425.079702444208,1054.05,0.133463936868826,0.352178640127122,14.5593869731801,16.3519,24130,"MACEDON RANGES",53.3213,124.569602124267,0.647,0.954627949183303,21643.0,37.6508,73.7735849056604,221.985067545697,0.611164449321081,10.0,374.135303083597,84.812849567717,124.703951225232,"<1%",0.677690368899412,"MACEDON RANGES",38.169852710749,0.35831694848604,1.4788771694849,"85.1%",0.053,7778.4,51.8,"<1%",0.00475796959907846,0.559059464233147,0.042745,4588.62543634785,0.258158272322578,0.00339664683024918,1.0,79.8251464577297,6473.10149382319,0.902573529411765
3.89532560926888,"Rural",21.6915,8.0,4.77410101424034,799.041150619257,49.9400719137036,67.0195765081902,20.6367515529,5.80594148876087,743.203598670057,59.5667870036101,0.199760287654814,30.7692307692308,2.88438983524155,19.7762684778266,0.0,42.1179302045728,14.2857142857143,19.7568,22.5482,20.3615,3.3785046728972,3.39592489013184,5113.0,"<1%",43.2839988829936,0.444291230005516,0.528112165415664,23.4445,125.249700359569,5509.72039257672,50.6691,0.95,0.589165996245642,857.317819963258,967.91,0.0844989681265765,0.410834003754358,22.6190476190476,19.634,26430,"STRATHBOGIE",60.4473,105.119192000101,0.7195,0.915254237288136,4899.0,40.3467,69.2307692307692,278.362838901556,0.771764705882353,18.118,512.984418697563,82.8251035224681,204.055133839393,"<1%",0.46584014771828,"STRATHBOGIE",30.2764797507788,0.270634920634921,4.26479203280609,"89.6%",0.045,1028.3,37.9,"<1%",0.00893135320386333,0.688737892149776,0.045006,4477.18180514845,0.314118151909598,0.00392288724501233,2.0,78.4190489331012,6567.1022106851,0.754098360655738
6.65331431079895,"Metro",25.9018,22.0,6.87375346439765,360.78797190518,853.270412642669,143.560689201054,95.7734632832,5.10050381758687,353.877912120319,30.9226932668329,0.288081650570676,28.4782608695652,3.1258231750035,11.7016022827041,0.118971061093248,56.359102244389,12.5748502994012,20.0732,14.5926,23.524,2.8474752013272,5.52842405618964,37301.0,"45.5%",33.8844519172388,0.345318191557746,0.484388579180533,28.6265,121.611611062335,5629.00316261011,52.3258,0.91358024691358,0.568090320322073,368.02921758674,948.52,0.425602891097366,0.431909679677928,25.1874062968516,24.0032,24330,"MARIBYRNONG",56.2231,116.904947680038,0.527,0.871759890859482,35595.0,46.5231,71.5217391304348,204.559282929707,0.612755569118096,5.6,396.907923617208,83.8188631714164,311.402546093064,"15.6%",0.555753017027608,"MARIBYRNONG",25.9979953686102,0.552003816793893,2.38688252386883,"<1%",0.091,9517.8,36.5,"7%",0.00448755722768687,0.409420916162489,0.054866,4930.93391108087,0.137387338940395,0.119103470712121,5.0,77.3598036945682,6391.43046688706,0.840482573726541
4.79198431714223,"Rural",21.4392,5.0,2.87666307083783,675.234153779133,0.0,64.2561533434982,9.22116758105,5.52856812398797,949.913644214162,46.0431654676259,0.871269875844043,29.0076335877863,4.17003567181926,8.71269875844043,0.0,41.726618705036,8.33333333333333,23.1695,24.6826,23.4045,4.05908096280088,5.44543672402527,2316.0,"<1%",34.8394768133175,0.433940105695831,0.498516320474777,20.7459,397.516880853845,5422.01194716838,54.5202,1.0,0.57797619047619,395.604395604396,981.17,0.0549065420560748,0.42202380952381,18.75,22.1032,26890,"WEST WIMMERA",63.4087,325.715028893509,0.7679,0.859649122807018,2275.0,45.2229,70.9923664122137,380.338046161365,0.890862944162437,12.3842,398.170333260727,84.9723483058301,139.185362666086,"<1%",0.484419263456091,"WEST WIMMERA",7.98687089715536,0.231472081218274,3.13697318007663,"80.4%",0.045,625.5,36.2,"<1%",0.00410101446147205,0.721001221001221,0.034774,4775.94536960966,0.465761689291101,6.85244403837369E-4,2.0,76.7271914684697,6114.16391828546,0.913793103448276
2.13249608948606,"Metro",28.4828,55.0,5.2526836640684,510.336135399435,953.152605696409,58.1625648470117,86.888003143,4.08236639973852,586.322150823214,49.8718247494757,0.191305717790306,24.3645381277123,3.06500982103885,6.5887939862485,0.0242030696576151,30.9484968538802,9.01180857675575,17.8765,15.3122,29.5665,2.800565454665,3.79798116201344,88859.0,"66.8%",34.9083369707551,0.275238266498831,0.471102476930549,27.3584,64.3181076488527,5334.58127451398,52.4279,0.968639749117993,0.599121176271759,434.356960401499,1052.94,0.422431471846914,0.400878823728241,19.2283758556316,20.403,24970,"MONASH",59.1006,61.6293640709091,0.6724,0.956184567661884,88867.0,46.4822,75.6354618722877,196.410258374859,0.634741739005323,8.9,427.877744393054,85.8002159259614,163.493242406851,"4%",0.684802110817942,"MONASH",51.7969623249392,0.550419559020116,2.14953457845535,"<1%",0.06,29982.3,58.6,"7.6%",0.00217535623681153,0.38627679684672,0.039916,4569.98905413989,0.185962013539093,0.0622680331818359,11.0,81.5235158090774,6115.83478145784,0.935446463084654
11.0200314858042,"Rural",19.5519,17.0,4.93448945540086,667.716193474839,86.8573910211172,39.0315400901145,21.7440251092,5.58209705808398,727.707179320083,40.9967845659164,0.217143477552793,26.4325323475046,3.94996607869742,17.6429075511644,0.0,42.604501607717,11.7021276595745,15.28,14.1737,23.0705,3.67905723905724,5.37430106943163,9207.0,"1.9%",45.3018995929444,0.455049261083744,0.543925382653061,15.6202,101.786005102872,4647.36764656543,40.871,0.950819672131147,0.595778982852118,607.770783590189,980.88,0.100909375979931,0.404221017147882,19.3370165745856,14.9608,25430,"MOUNT ALEXANDER",43.1603,107.583458219276,0.697,0.976377952755905,9214.0,44.1237,73.5674676524954,293.306480829396,0.7642089093702,6.1,403.072580207372,83.6311638500602,119.700342000977,"<1%",0.548137108792846,"MOUNT ALEXANDER",20.5925925925926,0.373911397198031,3.47708721640208,"79.3%",0.083,2277.0,36.0,"<1%",0.00781294230878107,0.61365693130399,0.03166,3804.36835490883,0.319760773390136,0.00176067408665032,2.0,78.9290005993668,5503.86340125578,0.908396946564885
2.04100710457435,"Metro",26.4412,27.0,1.70333441710921,456.500062320828,99.7133241929453,52.9103826498816,54.3952344586,2.23682152354137,478.008504826644,32.43917654398,0.186962482861772,22.8758169934641,2.9969465648855,5.85815779633554,0.0,61.447286338116,3.6,15.3181,9.8676,26.958,2.48695784046103,3.31858407079646,32217.0,"8.1%",45.6371109806224,0.147160304507366,0.384946583164487,26.0259,132.836844073289,5127.2359200027,46.8325,0.969387755102041,0.652311741132843,434.823411643257,1104.4,0.148440501554259,0.347688258867157,11.4973262032086,20.4536,25710,"NILLUMBIK",54.5912,83.648472816621,0.6519,0.961224489795918,31967.0,40.1173,77.124183006536,116.299363692997,0.627033472446981,14.9,308.207652997632,85.2242232879094,154.072666085006,"<1%",0.790254123462096,"NILLUMBIK",56.9558184207866,0.438323090430202,0.807473084230526,"65.4%",0.034,10022.9,66.8,"<1%",0.00268739338933411,0.458890750131944,0.017847,4127.60101664018,0.230348692975605,0.00562796719896418,0.0,82.3003525003128,6115.20558222467,0.941649899396378
6.93838590152829,"Metro",21.5267,17.0,2.65371699661433,470.085908713012,685.627482577056,88.9776144679715,98.5686826126,3.4640434192673,515.358081471748,54.5321637426901,0.25659711174291,33.2307692307692,3.69201541260837,12.3269252481294,0.0029940119760479,47.953216374269,5.48672566371681,13.2835,16.8218,20.4529,3.03039261735695,6.70231655872481,48704.0,"51.8%",54.9502301188055,0.23644627204848,0.299346907414522,21.1777,186.453725276868,5148.28824312435,48.03,0.96045197740113,0.579517453798768,424.833247819395,1064.64,0.314148093721936,0.420482546201232,11.9429590017825,9.7739,25900,"PORT PHILLIP",56.5884,147.395911547898,0.6295,0.958015267175573,48725.0,38.8597,66.7692307692308,212.798481304636,0.477411220844715,14.9,371.480770612446,83.797165264553,212.934547208737,"8.4%",0.671380613782348,"PORT PHILLIP",48.371232006189,0.667994296110537,2.27380852433325,"<1%",0.058,7253.6,63.0,"8.5%",0.00327984716133093,0.249132428580281,0.030614,4534.5611809865,0.195827289281195,0.0347566228731424,4.0,79.3135063359133,5749.29732144313,0.929389312977099
3.45786290121673,"Metro",25.6201,23.0,2.25121352441764,513.198672658967,597.901366204622,63.8658309334237,99.3844212412,3.41199642774128,556.134862704206,31.5881836794384,0.288985660332234,22.6109215017065,3.66016474976686,7.39404689539716,0.005,42.2150726333236,7.58725341426404,12.9388,10.7337,25.0846,2.99096287451151,4.39457504160397,48909.0,"74.6%",57.0873484612993,0.219565639475217,0.331351225611352,25.1026,133.909975984295,4589.01729475648,43.5513,0.99402390438247,0.610284761528674,472.376657206174,1087.74,0.299936058236191,0.389715238471326,16.2861491628615,14.5552,26350,"STONNINGTON",50.6754,97.7034461252278,0.6721,0.993062438057483,51442.0,36.8159,77.3890784982935,222.456056332857,0.323137254901961,10.1179,367.191159031798,85.8452469455143,148.558559456308,"<1%",0.699283686984728,"STONNINGTON",65.0781589231437,0.690737759257505,2.94627818698308,"<1%",0.031,13319.1,68.9,"6.2%",0.00212606961299218,0.23788450377249,0.034558,3980.08431002599,0.214374927384687,0.0331890682746547,10.0,81.9267099249751,5173.84118771929,0.992063492063492
11.8753092528451,"Rural",28.894,17.0,4.86258801181062,701.722819486303,413.836534568845,352.930592415996,40.6718864582,4.83795937354629,702.062308029838,47.4732006125574,0.179928928073411,25.5769230769231,3.10601229788203,16.193603526607,0.0326086956521739,33.6906584992343,12.9770992366412,19.5695,20.2207,27.338,3.09753713838937,13.4496873734875,11395.0,"<1%",69.836028239581,0.396412680756396,0.499044238121245,29.6189,271.467770230759,4418.30050613912,51.4684,0.9375,0.596169630642955,701.365817644887,958.84,0.0985798262498049,0.403830369357045,23.3716475095785,20.0483,26610,"SWAN HILL",57.8528,150.227431627297,0.6514,0.906158357771261,10836.0,43.5805,74.4230769230769,269.074021981337,0.682284040995608,13.1094,460.258198011785,83.7441022413757,612.837929018038,"<1%",0.464879852125693,"SWAN HILL",14.1712275215012,0.259382633799689,2.71101610969188,"90.8%",0.052,3916.7,31.8,"<1%",0.0422706443467689,0.710858410761337,0.033717,3692.35262805359,0.280419240646908,0.0213408393039918,4.0,77.3138513028211,5192.01071998661,0.834302325581395
6.01873286085687,"Rural",18.4574,22.0,3.27719685556169,630.364329214003,46.2979450835144,31.411375048969,24.8887200167,4.85762144053601,813.359245663284,48.2874789444133,0.213682823462374,28.8951841359773,2.99703688566466,12.0374657217137,0.0,32.5659741718136,8.23170731707317,19.4697,19.8287,20.2907,2.99141703130259,6.87346415470636,13893.0,"<1%",25.0536425871053,0.40486867392697,0.514243666561547,16.8405,155.952847323623,4496.39315879209,46.1457,0.942105263157895,0.61130417007359,451.149020160722,1001.22,0.11546093427036,0.38869582992641,19.5718654434251,19.6258,26170,"SOUTH GIPPSLAND",52.0071,157.623454932865,0.689,0.912466843501326,14186.0,41.7838,71.1048158640227,278.126119887458,0.825292740046838,8.1,423.234445671142,83.4261434698157,93.877987107803,"<1%",0.543081209369518,"SOUTH GIPPSLAND",17.6455738808482,0.26571702506506,2.96975560509822,"79.1%",0.068,4734.1,41.5,"<1%",0.00502399520095981,0.682996964694606,0.060872,3756.11769583926,0.34000852151683,0.00421308486935386,3.0,78.2502474745434,5228.1073599338,0.866847826086957
null,"Rural",18.1079,3.0,2.60473588342441,1056.12552806276,60.3500301750151,41.0380205190103,80.4489690887,7.63009845288326,1179.55439056356,46.6200466200466,0.603500301750151,20.9580838323353,3.39112050739958,11.7682558841279,0.0,0.0,3.57142857142857,18.6338,9.5891,24.2024,2.95176348547718,1.81050090525045,1526.0,"31.8%",74.3128964059197,0.381756756756757,0.470790378006873,14.9785,440.55522027761,4677.94086194958,39.5751,null,0.627737226277372,950.782997762863,1048.79,0.106976744186047,0.372262773722628,10.7142857142857,27.6784,26080,"QUEENSCLIFFE",49.2077,128.195317198439,0.7314,null,1788.0,31.7875,79.0419161676647,473.133232546815,0.572559366754617,11.9264,581.774290887145,83.5888400242316,190.102595051298,"<1%",0.575682382133995,"QUEENSCLIFFE",50.9336099585062,0.473861720067454,6.38623326959847,"5.7%",0.048,301.0,51.6,"<1%",0.00507936507936508,0.504954760878932,0.025629,3989.05689119358,0.374466268146883,0.00418848167539267,0.0,80.3469811312161,5305.47777371634,null
9.28600907965332,"Rural",29.9206,15.0,5.33111665281241,586.639938682861,88.438181710984,126.849831967455,68.9469619489,4.12008497892941,683.564212691307,45.8891013384321,0.206355757325629,21.3235294117647,3.0251509054326,29.4793939036613,0.0,46.4354001638896,11.0837438423645,21.3689,19.8729,27.8377,2.98976171613139,8.46058605035081,16531.0,"13.8%",89.3979260176443,0.354812023163894,0.481129083412623,32.1342,85.9913920169801,4503.0704623713,53.0515,0.951438848920863,0.636500612110368,494.508653901443,993.46,0.0614093606263825,0.363499387889632,19.9507389162562,23.1397,26730,"WARRNAMBOOL",62.463,118.016350070944,0.667,0.931531531531532,17391.0,45.2449,78.6764705882353,237.496468824938,0.645579724605867,14.1088,483.727374565179,84.1889936256298,510.022993927245,"1.4%",0.518380394246137,"WARRNAMBOOL",21.2505332439515,0.320175438596491,2.90795053633156,"68.1%",0.056,6748.9,36.0,"1%",0.0136388088984526,0.627168696936139,0.053194,3670.18560669538,0.268129245456214,0.00315187228065367,2.0,77.4773243472644,5298.55407217514,0.879496402877698
2.04715160667841,"Metro",28.4712,31.0,4.1941326682107,576.390636798389,455.575132141958,59.2667170064603,84.7498335162,3.73139993926511,654.358093602404,36.0433604336043,0.134239449618257,23.3924611973392,3.01151669721846,5.00041949828006,0.00368324125230203,32.4525745257453,5.61224489795918,14.5874,9.4834,27.6585,2.68620576909104,3.90972397013172,58225.0,"49.2%",26.2572726548179,0.233084556712868,0.439986780449229,30.1251,70.1568923567413,5423.14249313567,42.6425,0.939632545931758,0.625130777691338,501.927335356352,1081.29,0.358469254919979,0.374869222308662,14.2127659574468,19.8021,24210,"MANNINGHAM",48.0897,69.1550333665114,0.6626,0.932114882506527,60965.0,36.3211,76.6075388026608,206.986849523002,0.564728069108164,5.2,461.884386274016,85.5988952820921,178.639147579495,"<1%",0.715971906961839,"MANNINGHAM",54.4176415025794,0.523976131706966,1.73820879703233,"27.3%",0.026,15682.9,62.6,"<1%",0.00111232771955437,0.412342563328459,0.03458,4576.96994137316,0.183572599766435,0.0563493489423268,2.0,81.8626434781217,6238.22971568782,0.890243902439024
3.78433786981104,"Metro",29.8709,44.0,5.44168329403229,394.551069220504,472.558715259198,101.622687975863,72.1433749712,4.69903535891068,452.686540291674,46.4751446220218,0.109597519227918,24.812030075188,2.81901610327645,10.3988705008607,0.0668485675306958,59.4175899598,10.7633168588688,23.0667,20.7648,29.3156,2.60567719221036,8.87739905746133,77758.0,"14%",34.4190699732574,0.275090516006356,0.49474011619511,32.5857,138.034852011114,6829.55207377935,49.7332,0.932846715328467,0.618272447627815,336.112727037683,978.39,0.346410450361632,0.381727552372185,22.5220264317181,27.6135,27070,"WHITTLESEA",56.2381,79.1438066659958,0.4955,0.908825674690007,77355.0,43.3043,75.187969924812,133.380982167679,0.652431791221827,6.2,468.767930476491,84.6092940123174,288.950635987957,"1.6%",0.575731497418244,"WHITTLESEA",28.5166134888327,0.299124193335967,0.780124015418133,"49.7%",0.067,22721.4,39.1,"<1%",0.0073116423844121,0.562724215246637,0.071161,5899.65552192839,0.0984210643857338,0.088735512654937,3.0,80.2300583850922,7756.35556376029,0.883248730964467
6.82348716107021,"Rural",30.1095,26.0,5.9575852198803,633.609522099377,69.2609599055999,190.185465459303,23.4884642751,5.1704725887006,769.70129472933,52.9100529100529,0.256522073724444,27.0182992465016,3.22038872945474,11.7230587692071,0.0,36.8335368335368,10.5263157894737,23.4434,20.4048,28.817,3.14865681481075,7.08000923479465,19618.0,"<1%",39.9099921732325,0.39401650088673,0.503262518968134,31.3916,290.511248492933,4625.53509718565,57.2141,0.908571428571429,0.608171264887683,495.739736638265,974.37,0.0600484827243786,0.391828735112317,21.7105263157895,26.0389,21370,"CAMPASPE",64.0432,167.338816634568,0.6677,0.892988929889299,19365.0,51.7123,72.9817007534984,248.488860834533,0.762020006453695,12.6078,466.947130800605,82.8069631411189,341.020444809276,"<1%",0.495322245322245,"CAMPASPE",15.772125473823,0.2421926910299,2.76208598442053,"89.8%",0.039,6816.0,36.1,"<1%",0.019260565261527,0.726676946800308,0.057499,3898.73188269277,0.280183978535837,0.00348820586132952,4.0,79.4512541633868,5358.50546782621,0.834274952919021
8.82574805129495,"Metro",24.8838,28.0,4.16996737621274,397.284385214986,466.431983907468,106.763892381192,97.4071931588,3.99896257152583,436.647770798223,43.4465133260314,0.289162685441287,30.2415458937198,3.40903062107145,13.3140558209706,0.0296495956873315,20.26286966046,10.6060606060606,19.8948,19.8529,23.4749,2.99627259300935,5.70781996479759,39162.0,"49.2%",50.0893835418949,0.255477069812471,0.361350416022384,24.309,244.895649987428,5283.00654009879,44.7144,0.981182795698925,0.573917473255222,359.106444103225,1019.49,0.310035407673279,0.426082526744778,22.2011385199241,17.0634,27350,"YARRA",46.9946,160.564591611173,0.5987,0.969414893617021,40378.0,40.1608,69.7584541062802,209.082792762936,0.635345773874863,16.0,357.530802112145,84.6571341709104,237.012823736485,"3.1%",0.658590308370044,"YARRA",39.0217314860398,0.727225625552406,1.7073009798423,"<1%",0.078,9400.3,53.6,"13.3%",0.0041877413389895,0.256398333457332,0.037233,4705.99416063071,0.2129976624244,0.0812203867332565,4.0,79.6001104074529,5849.89850826343,0.94047619047619
2.90903857816885,"Metro",20.1377,28.0,2.58514454718893,656.846519946959,285.764213685844,97.8177071019603,95.1351252705,4.25269165287869,723.133865343061,53.2529082292115,0.226144341765776,21.3896457765668,3.20855858419166,6.84600598254577,0.00359712230215827,54.8039638087031,4.16666666666667,13.1584,15.0408,21.1419,2.90747993579454,3.74166092739739,46741.0,"76.1%",39.0599214704376,0.220770091068861,0.373549132947977,19.2853,95.6282187021371,4649.03135094149,42.5605,0.964876033057851,0.654287364859289,595.544299790273,1095.79,0.237954721362229,0.345712635140711,10.5403011514615,11.5528,20910,"BAYSIDE",52.2028,70.5617282207,0.6666,0.960406091370558,50542.0,33.6824,78.6103542234332,281.13819885913,0.424414375090936,13.5,480.299744045722,85.2574290080909,222.916645251483,"<1%",0.713286495896543,"BAYSIDE",62.390583199572,0.597869101978691,3.63348349091629,"<1%",0.016,16415.5,70.9,"4.1%",0.00168974163305353,0.345723359644795,0.023931,3861.14106540741,0.228914363193738,0.0156538741252071,6.0,80.9068369507113,5396.63998598016,0.945863125638407
3.47799994544314,"Metro",30.4009,31.0,4.93305041340455,441.910581303363,136.39215472326,116.383425625358,40.476343789,3.34545051943978,485.818971366535,48.3279395900755,0.177309801140238,24.7093023255814,2.99522413980245,6.45134891841021,0.02,38.403451995685,7.2463768115942,19.0437,17.7097,33.6723,2.7607392255061,8.67454104039936,36845.0,"3.3%",32.7634863779442,0.256827930716186,0.436290607790633,28.1184,141.479582094438,5564.53160845332,50.4996,0.957037037037037,0.654449655491865,397.554355276506,1027.16,0.150959179121124,0.345550344508135,17.3913043478261,19.0742,21450,"CARDINIA",52.1625,117.038423675361,0.6058,0.923190546528804,36473.0,46.0684,75.2906976744186,181.500574684115,0.664212488350419,10.3996,386.726315502332,83.7546721764437,278.253634850923,"<1%",0.645472264657852,"CARDINIA",35.0144600409113,0.256553846153846,1.27928597991819,"62.9%",0.094,12950.2,46.3,"<1%",0.00439016057396652,0.632110579479001,0.04627,4572.97818846724,0.21136691011094,0.00511705257771524,1.0,80.3431419942984,6551.32149659962,0.834564254062038
4.81567895473635,"Metro",29.2079,29.0,7.52860922184944,263.182454503033,255.716285580961,89.5006999533365,67.1180668662,3.66736933138749,287.43625405656,47.3148805299267,0.0653289780681288,25.5656108597285,2.61421746736644,8.70741950536631,0.0547445255474453,38.5616276318902,8.78721859114016,24.2154,22.2351,28.2331,2.45162816172077,8.25011665888941,53925.0,"11%",29.9959628582963,0.22089649818167,0.417399352151782,30.5841,55.1189920671955,6470.38128296557,54.8568,0.925925925925926,0.651840354767184,238.60967590418,1009.83,0.25925226840679,0.348159645232816,20.4661325564457,25.4644,24650,"MELTON",64.563,143.208121321125,0.5162,0.909722222222222,53225.0,44.9373,74.4343891402715,139.170608119322,0.652258450493569,5.7,374.876341577228,82.2512749660563,236.817545496967,"1.5%",0.643282515483564,"MELTON",26.000796654053,0.293002984508977,0.593113443010118,"56.9%",0.061,18316.2,41.1,"<1%",0.00680472645982264,0.553487245420836,0.093301,5399.1271068425,0.118665775698853,0.0312944714442983,1.0,78.3053444952948,7536.17585111355,0.887931034482759
6.56576128274241,"Rural",21.581,24.0,5.54010587683442,597.829843112862,55.2906213283572,274.690718086945,43.3426187135,5.45899826196872,751.187017220608,45.3243032039594,0.172783191651116,24.4233378561737,2.84071794871795,17.0364226968001,0.0,39.5936441781714,8.05970149253731,11.6241,9.7273,25.5713,2.78420275590551,9.57218881747184,14111.0,"<1%",84.7794871794872,0.38071995118975,0.487073791348601,16.743,261.455525606469,3695.82242277738,41.861,0.928381962864722,0.616341030195382,451.878330073515,987.31,0.0853250478011472,0.383658969804618,17.910447761194,12.7972,26700,"WANGARATTA",52.1751,87.8535563565649,0.7165,0.930666666666667,14827.0,32.5202,75.5766621438263,291.855846004354,0.658325537885875,10.4801,421.314534522082,83.0205892889957,459.084940217016,"<1%",0.510989010989011,"WANGARATTA",20.0295275590551,0.290590405904059,2.97165436877545,"61.2%",0.064,4893.9,40.8,"<1%",0.0083415651410383,0.658742053852912,0.052038,3076.50201801514,0.273522640061397,0.00876163654854103,2.0,79.2409667984342,4296.02312340041,0.878378378378378
3.88621172081455,"Rural",26.0961,11.0,4.9038349003238,715.062956629877,93.2690812995492,47.800404166019,12.0562372018,5.51602986385595,833.84805435454,32.1027287319422,0.233172703248873,25.6880733944954,3.7402992645194,16.4775376962537,0.166666666666667,56.1797752808989,8.06451612903226,19.6913,19.8518,17.2372,3.55578991773887,3.73076325198197,6476.0,"<1%",28.9627187420746,0.424966200991438,0.523364485981308,31.0494,99.7201927561014,4557.25145379218,48.4892,0.967741935483871,0.60063025210084,594.679186228482,989.39,0.157154234138572,0.39936974789916,14.5161290322581,19.8092,20110,"ALPINE",52.5658,106.854693218515,0.66,0.921259842519685,6390.0,47.5234,74.3119266055046,240.257136304985,0.757983193277311,11.6,368.490595367636,84.7543984099254,123.736981190735,"<1%",0.53600174026539,"ALPINE",16.8318920059059,0.292140921409214,3.02889959244165,"17.8%",0.074,1705.8,39.6,"<1%",0.00596390674618542,0.654545454545455,0.037372,3874.45161213576,0.314876584389593,0.0139251523063534,3.0,78.466914374481,5260.78101180842,0.905511811023622
7.97593227453998,"Rural",28.1876,13.0,6.58584876167981,720.632477436507,76.9607500174911,49.6047016021829,41.4338987297,5.43829918348483,943.800943800944,45.324427480916,0.209892954593157,23.5023041474654,3.41978098383452,22.5285104596656,0.0,34.8282442748092,10.0,17.4198,17.9737,27.4685,3.37942891314098,10.2847547750647,6993.0,"<1%",51.3297410046932,0.407638347622759,0.507621201691415,27.3909,634.996151962499,4475.92656408727,44.9586,0.981927710843373,0.623595505617978,506.849315068493,966.79,0.0799782372143634,0.376404494382022,22.1428571428571,16.685,21010,"BENALLA",49.922,101.60176736763,0.644,0.940828402366864,7300.0,42.1498,76.4976958525346,268.789750237498,0.702726473175022,9.3,467.991324424544,83.2325864116491,132.652347302876,"<1%",0.49765522416057,"BENALLA",13.9931230378233,0.273594909862142,3.44690652053054,"74.4%",0.084,2044.0,39.3,"<1%",0.0103712180816823,0.674997480600625,0.05474,3746.46960960533,0.301732722565226,0.0026697177726926,1.0,78.4195121970971,5178.36932954983,0.885057471264368
5.70969961018115,"Rural",23.9987,37.0,4.36728577625301,550.332492547581,71.0846136207292,232.630130703967,38.3943522004,5.30964006510312,691.619202603743,38.9972144846797,0.229305205228159,26.2686567164179,2.97879814326935,13.6665902315983,0.0,35.216872264226,10.3671706263499,20.576,21.5232,26.1525,2.97816216216216,8.2320568676909,22122.0,"<1%",64.5464809936018,0.395719332271248,0.516124581795606,21.0754,79.4313230910342,4482.56619372729,47.697,0.946273830155979,0.618618016573109,404.87714072971,978.19,0.106442058496853,0.381381983426891,19.2560175054705,19.2463,26810,"WELLINGTON",54.4521,141.494416907076,0.6454,0.894736842105263,21488.0,39.9807,73.7313432835821,189.584847631068,0.639172165566887,9.5441,424.214629672094,83.1137535773264,393.235496445769,"<1%",0.550010022048507,"WELLINGTON",13.827027027027,0.248956110234759,2.75992750041193,"42.4%",0.061,7057.6,36.9,"<1%",0.0114621460219611,0.693753726370428,0.052498,3710.72431922897,0.283518628236852,0.00324975560780998,4.0,77.9874142718213,5290.30273347155,0.878091872791519
2.68011981712124,"Rural",21.318,11.0,4.23832923832924,709.44348100268,0.0,86.236796468548,6.60415812518,5.16407599309154,1032.54067584481,66.5972944849115,0.472962320668453,38.6934673366834,4.14397496087637,13.8735614062746,0.0,40.582726326743,10.7692307692308,17.3616,15.4772,27.7138,4.17893315327481,6.77912659624783,3196.0,"<1%",56.3380281690141,0.429016466399644,0.530051009092925,12.3167,53.6023963424247,3684.61440933241,44.9083,0.96078431372549,0.594142259414226,381.315538608198,999.61,0.0817785527462947,0.405857740585774,27.6923076923077,16.5118,26670,"TOWONG",43.5022,141.909789919083,0.7018,0.941176470588235,3147.0,43.6177,61.3065326633166,292.126494370015,0.820158102766798,11.6352,233.485732303327,83.4431954507297,172.788901150875,"<1%",0.520530367835757,"TOWONG",13.7069547602971,0.256916996047431,3.57527847646425,"33.6%",0.031,1132.9,41.2,"<1%",0.00787275064267352,0.699488775283396,0.046009,3087.87903278481,0.410861339862008,0.00154559505409583,3.0,78.5605682441713,4281.530699096,0.86
5.77107194780327,"Metro",27.2614,38.0,3.16086533310193,544.306939470232,642.707705400518,84.6335236339137,91.7150537104,5.11660494445001,630.141464034721,47.5387210550529,0.301407751498174,24.0910906911706,3.28990983575891,10.354242757349,0.0096551724137931,42.3247968103052,4.48833034111311,15.5284,13.698,21.1954,2.93727112858177,5.76220701393568,55067.0,"67%",30.0722062179655,0.303994063915257,0.442501614425513,36.6844,78.4812595298039,5348.31176408829,40.994,0.972098922003805,0.613353165693758,462.441761781873,1015.63,0.287625857141414,0.386646834306242,10.5310531053105,16.9847,25060,"MOONEE VALLEY",48.7741,94.6951888527828,0.6128,0.95668549905838,57737.0,32.8349,75.9089093088294,214.887283529333,0.451860431446359,7.7,428.486578490124,85.7151425394704,226.53452005248,"1.5%",0.589931440734599,"MOONEE VALLEY",44.7005275680149,0.520117974943854,2.52387242495437,"<1%",0.043,21113.2,51.8,"3.5%",0.00329265237464658,0.450067560804724,0.031221,4640.21879573267,0.164179664067187,0.0617787504974135,3.0,79.8132567032075,6033.53506237008,0.942355889724311
9.83662534145829,"Rural",26.9079,38.0,6.85937247477663,555.526371086363,93.2443790712335,201.079533515444,52.8826262194,5.53962540418522,613.186168652857,57.4884648958723,0.157596133641521,24.4805194805195,3.16609177380579,13.7896616936331,0.0140845070422535,38.0346676642973,16.0839160839161,29.5505,28.697,24.692,3.05242362642082,16.3243328430343,37509.0,"3.4%",81.2027455489356,0.402415439870545,0.525301013627437,29.0107,497.360264761505,6091.70126146706,52.1645,0.928223844282238,0.627822672003625,499.547042836806,950.74,0.140910069839707,0.372177327996375,26.1072261072261,30.7553,23810,"LATROBE",59.8583,164.167919878389,0.627,0.91626213592233,38635.0,45.1806,75.5194805194805,252.068853356582,0.678734221598878,9.7,458.696679974785,82.2188305343244,373.752363942005,"1.2%",0.533272457482023,"LATROBE",17.8257508517766,0.235122154938401,2.39483710442423,"72.5%",0.06,12007.4,35.3,"<1%",0.0133050011805064,0.677141705301351,0.050959,5086.12250093952,0.214505925688661,0.00830476995787217,2.0,76.935383486765,7064.01226966936,0.827460510328068
4.57940068424766,"Metro",28.2197,50.0,4.56059754236608,766.783370385655,109.825743154195,37.327440461135,54.7223170651,4.65948405238464,978.28873686057,39.4748879334004,0.193027063725555,27.2511222603644,3.33594319894957,9.58479212982068,0.0,31.6988381666819,10.5646630236794,23.7116,22.4801,30.6536,2.83605710702033,6.68273006829164,74109.0,"18.4%",48.847444439041,0.348087737865488,0.469719825418854,25.2535,115.010849452203,4606.0733321161,48.6402,0.961880559085133,0.635758328337758,560.890068173758,1026.24,0.186578829834748,0.364241671662242,23.2826747720365,23.1413,25340,"MORNINGTON PENINSULA",56.1224,98.9860433254963,0.6672,0.945686900958467,76129.0,40.0532,72.7488777396356,231.214220871747,0.687930862223998,16.8,541.281167214686,83.5424721929164,266.037886553335,"<1%",0.5973291626564,"MORNINGTON PENINSULA",49.427577132598,0.311627583971851,3.110625574977,"58.8%",0.087,23464.1,52.5,"<1%",0.0051231401082894,0.585915521669996,0.032548,3769.82929218277,0.209704423000822,0.00548005260850504,6.0,79.7664852862684,5432.23190035141,0.910119421747329
9.81468328275328,"Rural",20.2997,12.0,5.08369289659688,778.071931297217,100.083941370181,16.9496997481759,31.7287401648,6.08738140803779,877.019452687108,51.8684909128038,0.193710854264867,30.7692307692308,2.91134618985209,12.0746432491767,0.0967741935483871,27.7721053706351,12.0521172638436,19.4213,27.9962,19.0342,2.91795643450846,8.00671530961452,15165.0,"4.3%",57.4985957685827,0.479230692971151,0.553912067734367,18.3883,270.065215987603,5398.02814612978,47.9119,0.959183673469388,0.600920810313076,683.155164779556,978.69,0.15519301281259,0.399079189686925,22.4422442244224,16.3409,20740,"BASS COAST",51.5401,224.328309155177,0.6901,0.933070866141732,15809.0,36.3948,69.2307692307692,341.630873955561,0.723142857142857,17.2,450.571447020081,84.3954669606896,56.143862594434,"<1%",0.501237859455342,"BASS COAST",23.4594439667527,0.267306196525797,3.94354329049926,"85.3%",0.061,4001.9,34.0,"<1%",0.00647225656315904,0.667586997291102,0.055591,4506.08682894335,0.266254994551398,0.00423985463355542,1.0,79.4460648830684,6279.99705575775,0.882352941176471
3.74047402642802,"Rural",28.6685,20.0,4.26984661249219,527.861287841711,76.9069425994547,71.3836258127666,33.428848836,4.07987534853206,616.764788337539,38.7153541575011,0.139830804726281,22.3188405797101,2.6615995617639,11.2563797804656,0.0,22.4373075230972,7.60233918128655,18.448,21.2528,28.9169,2.58231140839836,5.94280920086695,14268.0,"1.2%",27.6773486715968,0.29933558689824,0.47063335524874,30.2497,83.9683982381319,5175.50376600156,50.6445,0.95045045045045,0.637834691501746,439.391825917143,1011.84,0.121828884098823,0.362165308498254,15.6521739130435,15.2904,25150,"MOORABOOL",55.7915,198.338694962623,0.5683,0.933333333333333,14338.0,46.7969,77.6811594202899,263.030709248788,0.61794977356937,7.0,376.284695518423,84.2742968770812,174.963294413759,"<1%",0.606960662056456,"MOORABOOL",32.1627647714604,0.291903114186851,1.4286305851174,"67.6%",0.042,4648.7,42.5,"<1%",0.0072200801391094,0.645466099353484,0.049633,4230.39932584286,0.231705973109985,0.00402455384365218,2.0,79.3270856647091,6113.03615210269,0.882352941176471
5.04843957322282,"Rural",23.8563,82.0,6.02184570777216,608.902702800952,189.48688587164,77.466964756348,71.9626870145,5.10782475281282,699.693941517018,44.4826926754638,0.204482250940618,24.4435842848848,2.98168910019596,12.6233709580675,0.254196642685851,47.6572958500669,9.44710491946017,18.0267,13.5426,24.9357,2.80180122156743,7.22503953323518,108476.0,"8.2%",77.4149506890681,0.358601189238638,0.494801360850327,22.8033,156.142646818256,4959.27398276983,41.3643,0.945778997940975,0.635778653512277,520.646641336297,992.85,0.166791411830118,0.364221346487723,19.1498685363716,22.767,22750,"GREATER GEELONG",44.7369,117.664865730396,0.6516,0.922122674017919,111592.0,37.8317,75.5564157151152,247.610882686065,0.642613375336352,11.9,423.319155897268,83.7027855496568,223.199192976716,"2.2%",0.564242814242814,"GREATER GEELONG",33.1701714273446,0.329529220239875,2.81930682264612,"65.4%",0.039,37924.4,46.0,"<1%",0.00762327042190523,0.599944705557092,0.048257,4187.23791915547,0.203444564047363,0.0161800691924732,7.0,79.0933339348272,5717.25615675311,0.885324232081911
9.23000166306336,"Rural",28.1661,13.0,5.72473562852827,773.324463662066,124.729752203559,21.204057874605,53.4003887731,6.41573994867408,783.673469387755,57.9531442663379,0.332612672542824,25.1461988304094,3.17851464910288,21.1209047064693,0.0,28.9765721331689,7.6271186440678,20.8768,23.6098,29.8957,3.04435266654696,10.3941460169632,6125.0,"<1%",62.6391096979332,0.425102188025968,0.51408021455565,25.9883,523.781806086812,4043.78599786021,57.6075,0.947368421052632,0.604458145601138,762.582613116421,956.27,0.0731321035960499,0.395541854398862,20.3389830508475,17.1347,20260,"ARARAT",55.5123,254.294494314435,0.6248,0.887573964497042,5901.0,52.2823,74.8538011695906,292.932880376346,0.748855835240275,10.0,463.079993347747,82.0201215053225,60.1197405621154,"<1%",0.498609823911029,"ARARAT",20.9373316573891,0.24956124956125,3.33203429462198,"86.8%",0.126,1918.0,36.3,"<1%",0.00754716981132075,0.690461385399826,0.048428,3306.72107601655,0.332674734502346,0.00291326003195188,2.0,76.7895692401659,4829.74191870393,0.83625730994152
11.6921078272166,"Rural",28.8488,13.0,5.69842197545295,755.115297174407,81.1951932445599,21.6791165962975,28.5320874284,6.70469504168495,905.416329830234,63.5391923990499,0.24358557973368,27.9518072289157,2.95794658079182,16.8886001948685,0.0,39.1923990498812,14.1732283464567,17.5315,16.781,23.5117,2.95774647887324,6.98278661903215,6185.0,"<1%",45.0842962682326,0.436529072347981,0.533837130611324,33.6877,900.211107502436,4168.74340084084,54.1007,0.912,0.594760194379886,603.490458326537,946.42,0.0605602489995554,0.405239805620114,29.3650793650794,18.0276,25810,"NORTHERN GRAMPIANS",55.5477,157.991749257064,0.6407,0.915966386554622,6131.0,51.5241,72.0481927710843,274.101171283253,0.817845828933474,11.8,495.777849951283,82.8448053217324,59.9220526144852,"<1%",0.45983379501385,"NORTHERN GRAMPIANS",13.5440550278415,0.242642026009582,3.74954824719913,"78%",0.064,1735.8,33.8,"<1%",0.00745120272130882,0.704927403681262,0.042746,3518.233037501,0.327128263337117,0.00355655794587092,2.0,75.7238539298332,4824.80678482143,0.745901639344262
5.7858205771252,"Rural",24.4215,47.0,7.10646538881716,540.079294879133,144.64551442813,258.249477090856,72.2118354577,5.35793906366113,625.95125297434,34.2472532911017,0.135279977522711,20.6942003514938,3.32792169961549,15.0368898092552,0.079136690647482,43.0565178659804,9.94871794871795,23.6388,22.7085,27.7146,3.12130921864616,11.5196103936647,46649.0,"8%",86.4217190352274,0.370102959269572,0.496462920276608,21.4934,345.047191899851,4648.10371310162,54.9718,0.916879795396419,0.61940441882805,459.068111955994,982.74,0.0827996910273341,0.38059558117195,20.6153846153846,24.2648,20570,"BALLARAT",59.3648,118.586772173809,0.6387,0.896419437340154,49448.0,51.4344,79.3057996485062,244.470180551216,0.594693907547586,11.5,438.432000998991,82.6578072160831,409.679802699356,"1.4%",0.545218425334835,"BALLARAT",38.8896800531662,0.368235846105724,2.90691733932768,"73.7%",0.073,18785.6,38.7,"<1%",0.0105934359136697,0.59515255945511,0.050432,3893.90956393705,0.233127258129265,0.00464031426466978,4.0,77.7000807628894,5367.52547261363,0.869395711500975
3.41491178144565,"Rural",26.0478,10.0,3.53491480120281,739.897552646557,14.2287990893569,74.4166192373364,29.6629609929,6.27735023389166,929.577464788732,34.8547717842324,0.711439954467843,28.1138790035587,3.31586503948313,9.67558338076266,0.0,34.8547717842324,12.9032258064516,23.2273,17.4681,32.3236,3.34750462107209,3.98406374501992,3550.0,"<1%",20.6030150753769,0.509160305343511,0.588871411718443,18.6728,242.458736482641,5879.03065887567,51.0459,0.978260869565217,0.5779632721202,546.290971822887,970.55,0.0452453987730061,0.4220367278798,24.1935483870968,25.4604,21270,"BULOKE",63.4715,157.978580831261,0.7807,0.967741935483871,3478.0,43.7054,71.8861209964413,400.588544250697,0.868852459016393,9.5,538.844621513944,83.7815486910187,183.551508252703,"<1%",0.455014749262537,"BULOKE",26.4325323475046,0.281509916826615,4.37422166874222,"94.2%",0.045,1144.7,33.7,"<1%",0.00774429738101943,0.728323699421965,0.043841,5050.67805740124,0.455282944202612,0.00165016501650165,5.0,76.9390196728078,6704.07036842835,0.923076923076923
2.68456375838926,"Rural",21.6201,12.0,4.22788986169268,547.651006711409,37.5838926174497,165.208053691275,9.93698094094,3.59163435255229,563.615488988623,54.6448087431694,0.0536912751677852,39.0625,2.72636363636364,8.85906040268456,0.0,40.9836065573771,7.83582089552239,16.7027,10.3214,21.4354,2.60259588741432,1.93288590604027,9581.0,"2%",40.1136363636364,0.278566094100075,0.478922918100482,20.9549,195.006711409396,4216.21851460328,50.9654,null,0.623675229028202,530.738611233967,1025.49,0.107085809213469,0.376324770971798,14.3396226415094,22.543,22490,"GOLDEN PLAINS",58.3819,211.574195474177,0.6128,null,9044.0,41.5898,60.9375,178.689067713209,0.701373363142766,10.4,368.161073825503,84.9512021829567,299.221476510067,"<1%",0.648692810457516,"GOLDEN PLAINS",35.8319964999271,0.269857859531773,0.817212539104897,"88.8%",0.042,1679.6,45.0,"<1%",0.00599541527067537,0.662008281573499,0.055854,3446.12136461563,0.258474212649103,0.00327270438668261,0.0,80.8876949258282,5031.72271064727,null
4.04390525707683,"Rural",27.9233,9.0,6.29961033338144,635.470826112074,0.0,124.061236279607,12.4738865146,6.03896103896104,760.349197409181,22.703818369453,0.144425187752744,35.6382978723404,3.88121154756271,11.6984402079723,0.0,36.1197110423117,8.19672131147541,31.4449,31.2507,31.6077,3.5032637075718,3.75505488157135,3551.0,"<1%",52.3426407950781,0.496514965149651,0.587209302325581,24.2893,283.506643558637,4522.38211161119,51.4211,0.911764705882353,0.571428571428571,504.002371775867,943.86,0.0937602090819993,0.428571428571429,16.9491525423729,32.4346,25990,"PYRENEES",62.6628,138.393662318906,0.6157,0.911764705882353,3373.0,39.8204,64.3617021276596,228.907052840275,0.841222879684418,14.3,442.518775274408,82.9217205827981,226.169844020797,"<1%",0.481306572215663,"PYRENEES",31.0378590078329,0.250779787897692,3.11826173494775,"86.4%",0.11,614.6,33.2,"<1%",0.00618921308576481,0.715129774213969,0.062751,3694.24288967776,0.334242551405791,0.00273752012882448,1.0,77.2578429753781,5413.66628452081,0.852941176470588
6.27782216641936,"Rural",35.2619,18.0,5.98442614375178,505.079328843739,71.3388882547654,50.1655062207511,29.5184472475,3.92613655829251,523.96878483835,44.563964656166,0.171213331811437,28.0205655526992,3.1048703116253,13.1263554388768,0.0,34.5754898194391,9.14893617021277,20.5606,19.4397,33.6757,2.92913828218274,12.0705398927063,17940.0,"1.3%",23.8384026870685,0.299319046665331,0.462520535085661,39.7146,226.458166875927,5527.87342514566,48.4093,0.936538461538462,0.631114268317435,485.266604303087,999.8,0.113423768596182,0.368885731682565,19.7872340425532,24.0408,24850,"MITCHELL",56.2458,104.568222905191,0.5561,0.9021113243762,17104.0,42.4323,71.9794344473008,177.055321113256,0.682605798067311,11.0,406.317771943842,82.9918006249826,165.905718525283,"<1%",0.581267483360664,"MITCHELL",24.7278601025353,0.240642387455741,1.36233102192337,"69.2%",0.05,6842.3,37.8,"<1%",0.0118609151632436,0.665525649441996,0.050124,4533.59574563768,0.217928829972265,0.00752134435560374,2.0,78.696480692104,6551.06642895438,0.878326996197719
3.70233246945576,"Rural",18.435,18.0,4.83762972882491,770.085153646797,59.2373195112921,46.7974824139208,15.3313025613,4.43567482241515,916.774101131643,38.1679389312977,0.14809329877823,32.1969696969697,3.68649885583524,13.476490188819,0.0,29.3599530240752,8.0,20.1662,18.0393,23.2568,3.448149991704,3.70233246945576,6981.0,"<1%",26.2700228832952,0.373752079866889,0.491604288893385,13.847,554.461310625694,5513.66178163583,49.5631,0.912621359223301,0.606172839506173,613.120784794605,1006.04,0.121226564982523,0.393827160493827,20.1612903225806,22.2981,25620,"MURRINDINDI",58.3646,128.278658228058,0.6383,0.878787878787879,6524.0,39.8244,67.8030303030303,284.107095404424,0.822277227722772,13.9,446.279155868197,83.3766318414652,155.794150314698,"<1%",0.562749800159872,"MURRINDINDI",27.4929483988717,0.291619606957307,2.14372716199756,"53.9%",0.078,1686.0,37.6,"<1%",0.00798191707282616,0.631207105369399,0.032938,4514.24465895117,0.313982836951035,0.00288386593920499,2.0,79.2335520560061,6587.56901293181,0.846153846153846
5.58609400179621,"Metro",25.53,47.0,3.68150575098971,501.920418861507,257.329757893463,109.447951234737,85.2783521494,3.59545792210549,561.885033661315,60.720301596214,0.12102142079148,23.0384807596202,2.906520736146,8.5988904246578,0.0495049504950495,45.6404908959654,7.47051114023591,26.7019,24.2074,27.7067,2.73253012048193,6.34407026885864,77240.0,"48.4%",36.948274978213,0.230328221298552,0.423671908591084,24.2257,143.435861831755,5711.5238422406,51.0243,0.967361740707162,0.651148730350665,443.848188873704,1049.55,0.263668851780785,0.348851269649335,16.655737704918,30.1529,23670,"KNOX",59.6908,82.3090994995374,0.5359,0.938077634011091,79757.0,44.1735,76.9615192403798,189.681015295177,0.690855268421474,13.4,444.084918820105,82.9666297710043,249.832799352854,"5.8%",0.689282929852268,"KNOX",44.0418818129661,0.345468694134225,1.43223202015575,"6.8%",0.066,19446.3,57.3,"3.8%",0.00342546968459329,0.526560144154746,0.044147,4828.0243075837,0.174865790871947,0.0239657852716286,6.0,79.7241956520462,6571.43267064764,0.89344262295082
5.3995392748239,"Metro",26.2953,81.0,3.78641451713829,504.00138483868,101.199749663777,118.962968881077,58.0941211106,3.4938289161496,613.578410539737,36.3318777292576,0.153131200149136,27.0709258256632,2.88883780332056,9.24779291335437,0.184210526315789,35.8078602620087,8.03011292346299,20.9685,20.3606,25.9118,2.72220733994107,5.60593350111187,75296.0,"2.3%",41.0906768837803,0.258881184728642,0.439935606729882,26.196,210.022769943674,4961.60839056899,43.577,0.955949367088608,0.64520951403454,393.847961336146,1038.76,0.172153350486294,0.35479048596546,18.0790960451977,21.5814,27450,"YARRA RANGES",42.3174,112.728900569027,0.6241,0.928825622775801,74902.0,44.8735,72.9290741743368,200.978634624447,0.706715656256379,12.8,422.515612724537,84.3257658914032,274.16476917136,"<1%",0.667514224380484,"YARRA RANGES",38.3085674666331,0.300569769232461,1.40155711705696,"32.6%",0.063,25827.9,51.6,"<1%",0.00641361979454325,0.581623637969962,0.032022,4054.52306328285,0.220393573981696,0.00659965554103813,2.0,80.0672540412309,5870.16221777268,0.884146341463415
5.71720265441552,"Rural",25.0995,23.0,5.83192855349521,687.425557257104,61.2557427258806,75.6848732346435,18.5950166634,5.68847182907441,786.396020970561,52.3360287511231,0.238216777267313,29.6542553191489,3.11733507025216,12.6595201633486,0.111111111111111,33.6927223719677,12.0,27.053,19.7581,22.7758,3.00954927425516,3.33503488174239,14878.0,"<1%",35.0051177072671,0.417602803256725,0.524441305554154,27.5339,373.421813850604,5042.35327167638,55.0403,0.946700507614213,0.592631781454406,585.924036671952,970.61,0.0870043620073093,0.407368218545594,22.3333333333333,33.7827,24900,"MOIRA",64.0971,121.083016935601,0.7063,0.925449871465296,14507.0,44.7889,70.3457446808511,278.805440294573,0.642565729827743,17.2,445.465373489876,84.083739372589,190.23311213204,"<1%",0.479415539539935,"MOIRA",17.8991596638655,0.218084267003314,3.0005586146357,"86%",0.07,4877.3,33.9,"<1%",0.0120859923704945,0.728430715280285,0.03724,4229.70736328474,0.2783164948977,0.00857527398577197,4.0,76.4254277830197,5883.180485025,0.870229007633588
10.0299979755967,"Rural",27.9279,34.0,6.97097602367173,568.67327971732,103.060529657508,189.502548907742,35.4908030287,4.91653956956448,718.112814406906,46.3576158940397,0.165632994092423,24.3986254295533,3.37308641975309,25.084196771997,0.25,36.5894039735099,13.2075471698113,18.2346,19.6826,30.4782,3.16944296051673,17.1890240535915,26876.0,"<1%",90.1049382716049,0.392401490346618,0.504262165518799,26.2846,224.727165651398,4881.43342512053,53.1676,0.905317769130999,0.604198152812762,422.417246276538,957.89,0.101414184701093,0.395801847187238,24.8713550600343,17.3349,24780,"MILDURA",60.6418,161.760768865409,0.662,0.856389986824769,27461.0,45.5669,75.6013745704467,249.855835477556,0.742174820310689,15.4,378.949886817454,82.8119581152155,426.008060805712,"<1%",0.495995670995671,"MILDURA",21.324850662911,0.278756385414832,2.49384038564542,"43.6%",0.093,9858.0,31.6,"<1%",0.0308586935452607,0.696561431731349,0.048515,4151.20008129398,0.223769012632122,0.0168841778913631,3.0,77.4904091896488,5592.3542647962,0.827210884353741
